,NAME
SANGIS KITCHEN PANCH PHORAN PP 50g,53
GH TUR DAL PREM 500g,52
DESI ATTA CO MEDU VADA MIX PP 200g,50
MOTHER EARTH HAND POUNDED RICE 1Kg,50
GH RICE PULAV 5Kg,50
DESI ATTA CO UPWAS PARANTHA ATTA PP 200g,50
GOLDEN HARVEST CHAKKI FRESH ATTA PP 1K,49
GH WATANA GREEN 500g,49
GH WHO SPICE YELLW MUSTARD 100g,48
FRESH & PURE SUNFLOWER OIL JR 5L,47
GH WHO SPICE GUNTUR CHILLI 100g,47
KARMIQ CASHEW PREMIUM PP 500g,47
DESI ATTA MULTIGRAIN DOSA MIX PP 500g,47
DESI ATTA CO KHAMAN DHOKLA MIX 200g,47
GH POW SPICE CORIANDER PP 200g,47
GROUNDNUT LOOSE,47
DESI ATTA CO RAWA IDLI MIX 500g,47
DESI ATTA KUTTU/BUCKWHEAT  PP 200g,47
GH WHO SPICE MUSTARD BIG 100g,46
GH WHO SPICE CLOVE 50g,46
SANGIS KITCHEN KHUSKHUS WHOLE PP 50g,46
SANGIS KITCHEN MOTIELAICHI WHOLE PP 100g,46
DESI ATTA RICE ATTA PP 1Kg,46
GH LAZEEZ BASMATI RICE PP 5kg,46
GH BANDHANI HING BT 50g,46
GH ATTA 9 GRAIN PP 5Kg,46
DESI ATTA SINGHARA/CHESTNUT PP 200g,46
EKTAA WHEAT DALIYA SMALL PP 1Kg,46
KARMIQ WALNUT WHOLE PP 1Kg,45
GH GROUNDNUT 500g,45
GH WHO SPICE SAUNF SMALL 100g,45
KARMIQ BLK SEEDLESS AFGHN RAISIN TN 100g,45
FRESH&PURE COW GHEE PP 1L,45
MOTHER EARTH BROWN RICE 1Kg,45
GH MATKI WHOLE 500g,45
NATURE CHOICE ROYALE DATES PP 500g,45
DESI ATTA DAHI VADA MIX 200g,44
EKTAA UJJAINI POHA PP 500g,44
GH MAIDA 500g,44
GH URAD DAL CHLK 500g,44
FRESH & PURE SUNFLOWER OIL PP 1L,44
KOSH FLOUR WHEAT OAT ATTA PP 5kg,44
GH BESAN 1Kg,44
KARMIQ WALNUT WHOLE PP 500g,44
GH TEJ PATTA 25g,44
KARMIQ ALMOND PREMIUM PP 500g,44
GH WHO SPICE PANCH PHORAN 100g,43
GH POWSPICECOCONUT 200g,43
DESI ATTA BROWN RICE ATTA PP 200g,43
DESI ATTA BESAN PAKORA MIX PP 200g,43
DESI ATTA URAD DAL PP 200g,43
GOLDEN HARVEST KISMIS INDIAN 500g,43
SANGIS KITCHEN SABJA BASIL SEED PP 50g,43
KARMIQ OLIVE OIL PURE REFINED BT 500ml,43
GH WHO SPICE BIG SAUNF 200g,43
GH POW SPICE KASHM CHILLI 200g,43
GH WHO SPICE BLACK TIL 100g,43
SANGIS KITCHEN CINAMON POWDER BT 37g,43
MOTHER EARTH FENUGREEK 100g,43
DESI ATTA CLASSIC DOSA MIX PP 200g,43
EKTAA NAVSARI POHA PP 1Kg,42
GH WHO SPICE CORIANDER 100g,42
SANGIS KITCHN KASURI METHI PP 25g,42
MOTHER EARTH GROUNDNUT 500g,42
KARMIQ ROSTD & SLTD IRANI PISTA PP 200g,42
KARMIQ IN SHELL PISTA SALTED PP 500g,42
GH WHO SPICE JAVETRI 25g,42
DESI ATTA RICE IDLI MIX PP 200g,42
FRESH&PURE KCHI GHNI MUSTRD OIL BT 500ml,42
GH WATANA WHITE 500g,42
EKTAA GROUNDNUT PP 1Kg,42
SANGIS KITCHEN MOTIELAICHI WHOLE PP 50g,42
GH ROCK SALT PINK PP 200g,42
GH MASOOR DAL BLACK WHOLE 500g,42
GH BANDHANI HING BT 100g,42
EKTAA WHEAT DALIYA SMALL PP 500g,42
SANGIS KITCHEN DRIED GINGER PP 50g,41
SANGIS KITCHEN JAVITRI MACE WHOLE PP 25g,41
KARMIQ ROSTD & SLTD IRANI PISTA PP 500g,41
MOTHER EARTH CINNAMON 100g,41
SANGIS KITCHEN WHITE TIL SESAME PP 200g,41
GH HYDRABADI BIRYANI BASMATI RICE PP 1kg,41
KARMIQ OLIVE OIL EXTRA VIRGIN BT 500ml,41
GH SUGAR 1Kg,41
DESI ATTA THALIPT/MGRN PRTHA MIX PP 200g,41
SANGIS KITCHEN STAR ANISE WHOLE PP 25g,41
DESI ATTA FINE BESAN PP 200g,41
DESI ATTA UPMA MIX PP 170g,41
GH BAJRA STANDARD 1kg,41
FRESH&PURE COW GHEE PP 500ml,41
GH ATTA 9 GRAIN PP 2kg,41
EKTAA MAKAI POHA PP 500g,41
DESI ATTA WHOLE GROATS OATS ATTA PP 500g,41
FRESH&PURE SOYABEAN OIL PP 1L,41
GH LAJAWAAB BASMATI RICE PP 1kg,41
SANGIS KITCHEN CLOVE WHOLE PP 50g,41
GH POW SPICE TURMERIC PP 500g,41
DESI ATTA MOONG WHOLE PP 200g,40
GH POW SPICE TURMERIC 100g,40
EKTAA SOYA WADI BX 200g,40
GH RED MATTA BOILED RICE PP 1kg,40
GH POW SPICE CUMIN 100g,40
GOLDEN HARVEST CASHEW REGULAR 200g,40
DESI ATTA CO BESAN LADOO MIX 200g,40
MOTHER EARTH BASMATI RICE 1Kg,40
DESI ATTA CO PERI PERI IDLI MIX PP 200g,40
GH POW SPC KASHMIRI MIRCH PP 100g,40
MOTHER EARTH POHA 500g,40
MOTHER EARTH SUGAR 500g,40
GH WHO SPICE KHUSKHUS 100g,40
GH BLACK SALT GRNDR BT 100g,40
GH LAZEEZ BASMATI RICE PP 1kg,40
DESI ATTA KHATTA DHOKLA MIX PP 200g,39
GH SALT BLACK 100g,39
DESI ATTA MULTIGRAIN BHATURA MIX PP 500g,39
DESI ATTA MOONG DAL PP 200g,39
EKTAA TAL MAKHANA PP 200g,39
GH SOYABEAN 500g,39
GH BASMATI RICE DIL KHUSH PP 1kg,39
SANGIS KITCHEN BLACK TIL SESAME PP 100g,39
GH BROWN RICE JAR 1Kg,39
KARMIQ IN SHELL PISTA SALTED PP 200g,39
GH POHA THIN 500g,39
EKTAA TAL MAKHANA PP 100g,39
KARMIQ OLIVE OIL EXTRA LIGHT BT 5L,39
GH WHL SPICE WHITE TIL 100g,39
GOLDEN HARVEST SUPREME ATTA PP 1K,39
GH ATTA SUPREME PP 5kg,39
GOLDEN HARVEST CASHEW REGULAR 100g,39
GH PREMIUM SUJI RAVA 500g,39
DESI ATTA CO BEETROOT WHEAT ATTA PP 500g,38
MOONG WHOLE PREM LOOSE,38
MOTHER EARTH FENNEL SEEDS 100g,38
GH AMBEMOHAR RICE PP 1kg,38
EKTAA GROUNDNUT PP 500g,38
GH WHOSPICEBLACKCARDAMM 50g,38
GH SUGAR 5Kg,38
GH PRIME CHANA MAUSAMI PP 1Kg,38
EKTAA WHEAT DALIYA BIG PP 500g,38
RICE SURTI KOLAM PREMIUM LOOSE,38
GH PONNY BOILED RICE PP 1kg,38
DESI ATTA CO RICE ATTA PP 500g,38
DESI ATTA MULTIGRAIN DOSA MIX PP 200g,38
KOSH OATS BROKEN PP 500g,38
MOTHER EARTH BLACK PEPPER 100g,38
SANGIS KITCHEN SAUNF BARIK WHOLE PP 50g,38
GH WHO SPICE TEJ PATTA 50g,38
GH WHO SPICE MUSTARD SMALL 200g,38
URAD DAL PREM LOOSE,38
GH CHAWLI RED 500g,38
DESI ATTA CO BESAN LADOO MIX 500g,38
MOTHER EARTH CHANA DAL 500g,38
GH WHO SPICE GREEN CARDAMOM 50g,38
KARMIQ MAMRA ALMONDS PP 200g,38
SANGIS KITCHEN PANCH PHORAN PP 100g,38
GH CALIFORNIA WALNUT WHOLE PP 500g,38
GH POWDER SPICE TEEKHI MIRCH PP 200g,38
DESI ATTA MOONG PAKORA MIX PP 200g,38
DESI ATTA CO MAKAI ATTA PP 1Kg,38
SANGIS KITCHEN NUTMG POWDER BT 40g,38
DESI ATTA CHANA SATTU PP 500g,38
GH FORTIFIED CHAKKI FRESH ATTA 10Kg,37
GH CHANA DAL PREM 500g,37
GH MOONG DAL PREM 500g,37
MOTHER EARTH URAD DAL 500g,37
SUGAR MEDIUM LOOSE,37
KARMIQ MAMRA ALMONDS PP 500g,37
GH CHANA RED SMALL 500g,37
KARMIQ DRIED BLUEBERRIES 100g,37
TUR DAL STD LOOSE,37
KARMIQ RICEBRAN OIL PP 1L,37
KARMIQ WALNUT SHELLED PP 500g,37
GH POW SPICE CORIANDER PP 500g,37
KARMIQ WALNUT SHELLED PP 200g,37
GH PRIME WHO SPICE YELLOW SARSON 200g,37
GH FRUIT N NUT AKHROT GIRI REGULAR 200g,37
GH POW SPICE DRY GINGER 100g,37
GOLDEN HARVEST KISMIS PREMIUM 200g,37
GH LAJAWAAB BASMATI RICE PP 5kg,37
GH WHO SPICE SHAHI JEERA 50g,37
GH WHO SPICE GREEN CARDAMM 25g,37
GH CHAWLI WHITE LOBHIA 500g,37
DESI ATTA MASUR DAL PP 200g,37
GH POW SPICE RED CHILLI PP 100g,37
SANGIS KTCNKASHMIRICHILLI PWDR PP 200g,37
GH WHO SPICE SAUNF SMALL 200g,37
DESI ATTA RAVA DOSA PP 500g,37
GH POWDER SPICE TEEKHI MIRCH PP 500g,37
GH CALIFORNIA WALNUT WHOLE PP 1kg,37
SANGIS KITCHEN CRDAMOM POWDER BT 37g,37
DESI ATTA COARSE/MOTA BESAN PP 500g,37
KOSH FLOUR WHEAT OAT ATTA PP 1kg,37
SHUBHRA RICESONA MASURI PP 1Kg,36
CHANA KABULI STD LOOSE,36
DESI ATTA THALIPEETH MIX PP 500g,36
DESI ATTA CO THEPLA MIX PP 500g,36
MOTHER EARTH MASOOR WHOLE 500g,36
DESI ATTA CLASSIC DOSA MIX PP 500g,36
SANGIS KITCHEN KALONJI PP 50g,36
RICE IDLI LOOSE,36
GH POW SPICE CHILLI KUTTI 100g,36
GH WHO SPICE KALONJI 100g,36
DESI ATTA RED CHANA ATTA PP 500g,36
GH PRIME CHANA DAL PP 500g,36
SANGIS KITCHEN TEJ PATTA BAYLEAF PP 25g,36
GOLDEN HARVEST KISMIS INDIAN 200g,36
MASOOR DAL PREM LOOSE,36
GH MASOOR DAL BLACK WHOLE 1kg,36
GH TUR DAL  PREM 1kg,36
GH PRIME MASUR DAL PP 500g,36
GH POW SPICE RED CHILLI PP 500g,36
GH TRADITIONAL BASMATI RICE PP 1kg,36
MOTHER EARTH TUR DAL 500g,36
GH PRIME MOONG DAL CHILKA PP 500g,36
KARMIQ ROASTED & SALTED ALMONDS PP 200g,36
DESI ATTA CO KHAMAN DHOKLA MIX 500g,36
MOTHER EARTH MUSTARD SEEDS 100g,36
KARMIQ OLIVE OIL POMACE BT 1L,36
KARMIQ DRY FRUIT PRUNES 100g,36
MOTHER EARTH MOONG DAL 500g,36
GOLDEN HARVEST PREMIUM ALMONDS 500g,36
GH CHANA KABULI PREM 1kg,36
GH PRIME AMARANTH PP 500g,36
SANGIS KITCHEN ANARDANA SABUT PP 50g,36
GH RAJMA CHITRA WHITE 500g,35
SANGIS KITCHEN BYDGI CHILI WHOLE PP 100g,35
GH PRIME WHO SPICE MRCH WHOLE PP 50g,35
GH WHO SPICE CORIANDER 200g,35
GH BADIYAN 50g,35
GH PRIME BLACK RICE PP 500g,35
KARMIQ OLIVE OIL EXTRA LIGHT BT 2L,35
GH SEASONING DILL BT 10g,35
DESI ATTA BHAGAR/SHAMAK/VARAI PP 200g,35
KARMIQ ALMOND PREMIUM PP 200g,35
SANGIS KTCN BALCK PEPPER GRINDER BT 45g,35
POHA THICK LOOSE,35
MOTHER EARTH RAJMA CHITRA 500g,35
GH WHO SPICE KHUSKHUS 50g,35
GH BROWN BASMATI RICE JAR 1kg,35
DESI ATTA RICE IDLI MIX PP 500g,35
GH WHOSPICEWHITETIL 200g,35
DESI ATTA RAVA DOSA MIX PP 200g,35
GH WHO SPICE MUSTARD BIG 200g,35
GH PRIME GROUNDNUT 500g,35
DESI ATTA MAKKI/MAIZE ATTA PP 500g,35
GH POW SPICE CORIANDER PP 100g,35
NATURES CHOICE AMLA CANDY CHATPATI 200g,35
GH PRIME CHANA RED PP 500g,35
GH SEASONING LEMONGRASS BT 15g,35
DESI ATTA RAJGIRA/AMARANTH ATTA PP 200g,35
GH POW SPICE DRY MANGO 100g,35
DESI ATTA FINE/THIN BESAN PP 500g,35
KARMIQ ROASTED FLAX SEEDS JR 200g,35
GH WHO SPICE BIG SAUNF 100g,35
GH WHO SPICE KALONJI 50g,35
NATURES CHOICE DRIED FIGS ANJEER TB 400g,35
RICE STEAM KOLAM LOOSE,35
EKTAA SMALL SABUDANA PP 500g,35
SANGIS KITCHEN AJWAIN WHOLE PP 100g,35
KARMIQ OLIVE OIL PURE REFINED BT 1L,35
GH MOONG DAL CHILKA 500g,35
GH PRIME WHO SPICE BG SAUF 200g,35
DESI ATTA CORN FLOUR PP 100g,35
GH MAIDA 1Kg,35
DESI ATTA MASALA CHAKLI MIX PP 500g,35
MOTHER EARTH LITTLE MILLET PP 500g,35
URAD DAL BLACK WHOLE LOOSE,34
WHEAT SIHORE B LOOSE,34
GH GOVINDBHOG RICE PP 1kg,34
GH PRIME MOTH WHOLE PP 500g,34
KARMIQ DRIED CRANBERRIES 100g,34
DESI ATTA CO OATS IDLI MIX PP 200g,34
EKTAA JAGGERY KOLHAPUR 400g,34
GH WHOSPICETAMARIND 200g,34
HYDRABADI BIRYANI LOOSE,34
SANGIS KITCHEN JAVITRI PP 50g,34
GH PRIME MOONG DAL PP 500g,34
SANGIS KITCHEN METHI DANA WHOLE PP 50g,34
SANGIS KITCHEN PARSLEY BT 7g,34
GH DAILY RAWA IDLI 500g,34
MOONG DAL PREM LOOSE,34
GH FORTIFIED CHAKKI FRESH ATTA 5Kg,34
GH URAD DAL PREM 500G,34
GH PRIME MOONG DAL PP 1Kg,34
GH PINK ROCK SALT GRNDR BT 100g,34
SANGIS KTCN WHITE PEPPER POWDER BT 50g,34
GH PRIME GREN PEAS PP 500g,34
GH SALT SENDHAV 200g,34
KARMIQ DRIED FIGS BX 200g,34
MASOOR DAL STD LOOSE,34
GH PRIME MOONG WHOLE GREEN PP 500g,34
MOONG DAL PREMIUM 2Kg,34
DESI ATTA CO PUTTU PODI PP 1kgg,34
GH SUGAR POWDER 1kg,34
GH WHO SPICE JEERA 200g,34
DESI ATTA ROASTED SUJI PP 1Kg,34
GH WHO SPICE BLK PEPPER 100g,33
GOLDEN HARVEST TARBUJ SEED 100g,33
GH WHO SPICE TAMARIND 500g,33
GH WHO SPICE AJWAIN 100g,33
AGRI PURE RICE LONG GRAIN PP 5kg,33
GH PRIME WHO SPICE WHITE TIL PP 100g,33
EKTAA UJJAINI POHA PP 1kg,33
GH WHO SPICE JEERA100g,33
GOLDEN HARVEST PRIMEQUINOAPP 250g,33
NATURE CHOICE CLASSIQUE DATES 500g,33
MOTHER EARTH CLOVE 50g,33
FRESH&PURE SUNFLOWER OIL REFINED JR 15L,33
GH WHO SPICE DHANADAL 100g,33
SANGIS CARDAMOM SEEDS GRINDER BT 60g,33
DESI ATTA MODAK PP 500g,33
GH CHANA MAUSAMI 500g,33
KARMIQ OLIVE OIL EXTRA LIGHT BT 1L,33
DESI ATTA CO RAWA IDLI MIX 200g,33
SANGIS KITCHEN RED CHILLI FLAKES BT 35g,33
MOTHER EARTH PROSO MILLET PP 500g,33
MOTHER EARTH MASOOR DAL 500g,33
GH BESAN 500g,33
GOLDEN HARVEST CASHEW REGULAR 500g,33
GH WHO SPICE RED CHILLI 100g,33
MOTHER EARTH AJWAIN PP 100g,33
GH SEASONING MARJORAM BT 7g,33
GH WHO SPICE CLOVE 25g,33
GH PRIME URAD DAL PP 500g,33
MOTHER EARTH RAJMA RED 500g,33
SANGIS KTCHN CORIANDER POWDER PP 500g,33
GH PRIME CHAWALI BLCK EYE BEAN PP 500g,33
GH WHO SPICE YELLW MUSTARD 200g,33
GH WHO SPICE CASSIA SPLIT 50g,33
FRESH & PURE KCHI GHNI MUSTRD OIL PP 1L,33
EKTAA SMALL SABUDANA PP 1Kg,33
GH PRIME SOYABEAN WHOLE PP 500g,33
GH WHO SPICE DRY METHI 100g,33
GH POW SPICE BLACK PEPPER 100g,33
SANGIS KICTHEN BLACK MUSTARD PP 100g,33
GH SALT BLACK PP 200g,33
GH PLAIN MAKHANA 100g,33
KARMIQ ROASTED & SALTED CASHEWS PP 200g,33
MOTHER EARTH FOXTAIL MILLET PP 500g,32
DESI ATTA CO SPINACH WHEAT ATTA PP 500g,32
MOTHER EARTH SONA MASOORI RICE 1Kg,32
KARMIQ OLIVE OIL POMACE TN 5L,32
FRESH & PURE KCHI GHNI MUSTRD OIL BT 1L,32
SANGIS KITCHEN KHUSKHUS WHOLE PP 100g,32
EKTAA WHEAT DALIYA BIG PP 1Kg,32
GH WHO SPICE MUSTARD SMALL 100g,32
CHANA DAL 500g,32
GH PRIME URAD WHOLE WHITE PP 500g,32
DESI ATTA NACHNI/RAGI ATTA PP 500g,32
CHANA DAL PREMIUM 2Kg,32
GH SUGAR MISHRI DANA 100g,32
GH KULTHI WHOLE 500g,32
GH RR BISI BELE BHATH KIT 270g,32
GH PRIME CHAWALI BLCK EYE BEANS PP 1Kg,32
GH WHO SPICE KASURI METHI 50g,32
DESI ATTA DEFATD TOASTED SOYA ATTA 500g,32
GH POW SPICE RED CHILLI PP 200g,32
GH RICE BASMATI DIL KHUSH 5Kg,32
GH POW SPICE TURMERIC PP 200g,32
GH POHA THICK 500g,32
EKTAA JAGGERY KOLHAPUR 800g,32
GH PRIME WHO SPICE KHUS KHUS 50g,32
GH CHANA KABULI PREM 500g,32
MOONG DAL STD LOOSE,32
TUR DAL PREM LOOSE,32
GH RICE BASMATI HYDERABADI BIRYANI 5kg,32
GH SEASONING ROSEMARY BT 28g,32
GH PRIME CHANA RED PP 1Kg,32
GH PRIME JASMINE RICE PP 500g,31
SANGIS KITCHEN SAGE SPRINKLER BT 4g,31
GOLDEN HARVEST CHIRONJI PP 100g,31
GH PRIME CHAT CHANA PP 500g,31
KARMIQ GRN RAISIN AFGHAN RAISINS PP 100g,31
MOTHER EARTH CARDAMOM 50g,31
GH PRIME WHO SPICE BLACK SARSON 200g,31
GH PRIME CHANA MAUSAMI PP 500g,31
GH POW SPICE GARAM MASALA 100g,31
GH SUGAR SUPERFINE JAR 1Kg,31
GH WHO SPICE CORIANDER 500g,31
GH PRIME BROWN RICE BASMATI PP 500g,31
GOLDEN HARVEST PREMIUM ALMONDS 200g,31
GH PREMIUM SUJI RAVA 1Kg,31
DESI ATTA SABUDANA PP 200g,31
MOTHER EARTH MOONG WHOLE GREEN 500g,31
GH PRIME CHANA GREEN PP 500g,31
COCONUT LOOSE,31
GH PRIME WHO SPICE METHI DANA 200g,31
GH WHO SPICE GARAM MSL 100g,31
SANGIS KITCHEN WHITE TIL SESAME PP 100g,31
EKTAA NAVSARI POHA PP 500g,31
EKTAA KHEER SABUDANA PP 500g,31
GH WHO SPICE TURMERIC 100g,31
GH URAD DAL WHO BLACK 500g,31
DESI ATTA FLOUR JAU ATTA PP 200g,31
GH POW SPICE KUTTI CHILLI 500g,31
GOLDEN HARVEST ALMND + CASHEW+KISMS 300g,31
GH PRIME MASOOR WHOLE PP 1Kg,31
URAD DAL SPLIT LOOSE,31
GH PRIME BARNYARD MILLET PP 500g,31
MOTHER EARTH RED CHANA 500g,31
GH WHO SPICE DRY METHI 200g,31
GOLDEN HARVEST PREMIUM CASHEW 200g,31
KARMIQ RICE BRAN OIL JAR 5L+1L,30
EKTAA CRL UJJAINI POHA 1kg+POHA 500g OP,30
DESI ATTA ROASTED SOOJI/RAVA PP 500g,30
KARMIQ CASHEW PREMIUM PP 200g,30
GOLDEN HARVEST PREMIUM ALMOND 100g,30
SHUBHRA RICE BROWN SONA MASURI PP 1Kg,30
GH RAJMA SHARMILI RED SML 500g,30
SANGIS KITCHEN BLACK PEPPER PP 100g,30
DESI ATTA CO PUNJBI MS ROTI ATTA PP 500g,30
GH PRIME LAPSI DALIYA SML 500g,30
KARMIQ SAFFRON PRSIAN PP 0.5g,30
AMERCIAN ALMONDS LOOSE,30
GH WHO SPICE GARAM MSL 200g,30
GH PRIME WHO SPICE BLK MUST 100g,30
GH WHOSPICEBLKPEPPER 50g,30
GH PRIME TUR DAL PP 500g,30
SANGIS KITCHEN DRY GARLIC GRINDER BT 40g,30
GH IDLI RICE PP 1kg,30
GH PRIME RAJMA KASHMRI PP 500g,30
KARMIQ DRY FRUIT APRICOTS 100g,30
GH WHO SPICE JAIPHAL 20g,30
MOTHER EARTH MOONG CHILKA 500g,30
MOTHER EARTH CUMIN SEEDS 100g,30
MOTHER EARTH CORIANDER SEEDS 100g,30
GH WHO SPICE AJWAIN 200g,30
SANGIS KITCHEN AMLA POWDER BT 55g,30
GH RAJMA KASHMIRI RED BIG 500g,30
GH PRIME WHO SPICE METHI 100g,30
GH POW SPICE ROYAL GARAM MASALA PP 50g,30
SANGIS KITCHEN BARIK SAUNF PP 100g,30
GH WHOSPICEJAIPHAL 50g,30
GH MOONG DAL  CHILKA 1kg,30
SANGIS KITCHEN MARJORAM SPRINKLER BT 5g,30
MOTHER EARTH RED CHILLI WHOLE 100g,30
MOTHER EARTH URAD WHOLE BLACK 500g,30
GH MOONG WHOLE PREM 1kg,30
GH PRIME MASUR DAL PP 1Kg,30
DESI ATTA CO BAJRA ATTA PP 500g,30
SANGIS KITCHEN YELLOW MUSTARD PP 200g,30
WHEAT LOKWAN A LOOSE,29
GH PRIME MASOOR WHOLE PP 500g,29
TUR DAL STD 5kg,29
GH PRIME WHO SPICE KSHMIRI MIRCH PP 50g,29
SANGIS KTCN KASHMIRI CHILLI PwDR PP 500G,29
SANGIS KITCHEN GINGER GARLIC MIX BT 42g,29
KARMIQ MNCS ALMOND CLASIC CHEESE PP 18g,29
QUINOA WHITE LOOSE,29
GH GROUNDNUT 1kg,29
GH MASOOR DAL PREM 500g,29
GH WHO SPICE KHUSKHUS 200g,29
MOTHER EARTH KABULI CHANA 500g,29
GH MASOOR DAL STD 500g,29
GH PANI PURI MASALA JR 75g,29
GH PRIME WHO SPICE JEERA 100g,29
MOTHER EARTH BARNYARD MILLET PP 500g,29
GH WHO SPICE KASHMR CHILLI 100g,29
GOLDEN HARVEST DRY APRICOT 200g,29
GH FRUIT&NUT PISTA PLAIN PP 200g,29
GH CHAWLI WHITE 1kg,29
GH KURMURA ROASTED 200g,29
SANGIS KITCHEN PAPRIKA BT 35g,29
GH PRIME GREN CARDAMOM JAR 90g,29
SANGIS KITCHEN GREEN ELACHIWHOLE PP 100g,29
GH RICE BASMATI SUPER 5Kg,29
EKTAA SABUDANA POHA PP 200g,29
FRESH & PURE DESI GHEE BX 1L,29
GH RICE KOLAM HMT REGULAR 10kg,29
GH RR NAVRATNA DAL KIT 195g,29
GH SOYA VADI BIG PP 200g,29
GH URAD DAL CHILKA 1kg,29
GH PRIME URAD WHOLE BLACK PP 500g,29
GH PRIME WHO SPICE MUSTARD 100g,28
GH BASMATI RICE CHABBI 1121 5 kg,28
KOSH OATS BROKEN PP 1kg,28
PH GREEN CARDAMOM JAR 90g,28
SANGIS KCN TEEKHI CHILLI PWDR PP 100g,28
EKTAA JAGGERY SAUNF & TIL JR 250g,28
GH SEASONING MINT BT 7g,28
GH PRIME KODO MILLET PP 500g,28
SANGIS KITCHEN JEERA POWDER BT 40g,28
GH KURMURA ROASTED 500g,28
GH PRIME RAJMA SHARMLI PP 500g,28
GH BLACK PEPPER POWDER BT 60g,28
GH URAD DAL PREM 1KG,28
GH BASMATI RICE SUPER PP 1kg,28
GH CASHEW REGULAR 400g,28
GH SABUDANA SMALL 1kg,28
KARMIQ OLIVE OIL EXTRA VIRGIN BT 1L,28
GH SOUTHERN DELIGHT SPICES BX 200g,28
WHEAT LOKWAN B LOOSE,28
GH SALT BLACK 50g,28
SANGIS KITCHEN GREEN ELACHI WHOLE PP 50g,28
GH RR LEMON RICE KIT 270g,28
GH WHO SPICE MUSTARD SMALL 500g,28
EKTAA JAGGERY AJWAIN JR 250g,28
GH WHO SPICE PRM TAMARIND 500g,28
GH PRIME WHO SPICE THN SUF 100g,28
GH JAGGERY ROUND 500g,28
GH POW SPICE ROYAL GARAM MASALA PP 100g,28
GH CHANA KABULI 500g,28
SANGIS KTCHN TURMERIC POWDER PP 200g,28
SANGIS KTCN TEEKHI CHILLI POWDER PP 500g,28
CHANA RED LOOSE,28
GH SUGAR 2Kg,28
GH POW SPICE KUTTI CHILLI 200g,28
PULAV RICE LOOSE,28
GH OTH FLOUR RAGI 500g,28
GH PRIME URAD CHILKA PP 500g,28
RICE DOSA LOOSE,28
GH MOONG WHOLE STD 500g,28
SANGIS KITCHEN ROSEMARY BT 10g,28
FRESH & PURE KCHI GHNI MUSTRD OIL JR 5L,28
GH PRIME WHO SPICE BG SAUF 100g,28
GH MOONG DAL PREM 1KG,28
GH RR SAFFRON RICE KIT 380g,27
GH PRIME KABULI CHANA PP 1Kg,27
CHANA KABULI PREM LOOSE,27
BARNYARD MILLET LOOSE,27
GH URAD DAL WHO BLACK 1kg,27
GH WHO SPICE BADIYAN 25g,27
GH PULAO BASMATI RICE PP 1kg,27
GH PRIME WHO SPICE CINAMON 50g,27
GH PRIME YELOW PEAS PP 500g,27
SANGIS KITCHEN PASTA SEASONING BT 35g,27
GOLDEN HARVEST PREMIUM CASHEW 500g,27
GH POW SPICE EATING SODA 100g,27
KARMIQ ALMOND VAL PP 500g,27
RICE STEAM BASMAT PREMIUM LOOSE,27
GH MOONG WHO STD 1K,27
GH FRUIT N NUT BALCK KISMIS PP 100g,27
GH RICE BASMATI MINI MOGRA 10kg,27
SANGIS KITCHEN KSHMRI CHILIWHOLE PP 50g,27
GH PRIME WHO SPICE GRN CRDM 50g,27
GH RAJMA JAMMU 500g,27
GH WHO SPICE ALSI 100g,27
GH PRIME KABULI CHANA PP 500g,27
RICE SONA MASOORI SUPREME LOOSE,27
GH POHA THIN 1kg,27
NATURES CHOICE AMLA CANDY JALJEERA 200g,27
GH CHANA KABULI STD 500g,27
SANGIS KTCN RED CHILLI FLAKES RFP PP 35g,27
GH SEASONING THYME BT 10g,27
GH BASMATI RICE MOGRA 10Kg,27
GH WHO SPICE DRY GINGER 50g,27
GH WHITE ROCK SALT GRINDER BT 100g,27
SANGIS KITCHEN BADI SAUNF PP 100g,27
GH WHOLE SPICE KASURI METHI BX 25g,27
MOTHER EARTH COWPEA CHAWLI PP 500g,27
GH PRIME WHO SPICE BG CLOVE 50g,27
GH JAGGERY ROUND 1Kg,27
GH CHANA ROASTED PP 200g,27
GH PRIME WHO SPICE GARAM MASALA PP 100g,27
GH SPICES BLACK PEPPER POWDER PP 50g,26
GH JUWAR PREMIUM 1kg,26
MOTHER EARTH BROWN SUGAR PP 500g,26
GH WHO SPICE JAVETRI 50g,26
GH POHA THICK 1kg,26
SANGIS KTCHN TURMERIC POWDER PP 100g,26
GH PRIME WHO SPICE JVITRI PP 50g,26
TUR DAL PREMIUM 2Kg,26
DEHRADUN RICE LOOSE,26
GH CHANA MAUSAMI 1kg,26
GH PRIME LAPSI DALIYA BIG 500g,26
SANGI'S KITCHEN BASIL BTL 5 G,26
GH MIX DAL 1kg,26
GH PRIME WHO SPICE AJWAN 100g,26
GHPR URAD DAL PP 500g,26
GH SOYABEAN WADI 200g,26
TUR DAL SUPREME LOOSE,26
SANGIS KITCHEN METHI DANA PP 200g,26
SANGIS KITCHEN PIZZA SEASONING BT 40g,26
GH SURTI KOLAM RICE PP 1kg,26
CHANA KALA 2 kg,26
GH WHO SPICE BYADGI CHILLI 200g,26
LONG GRAIN LOOSE,26
MIX DAL LOOSE,26
KARMIQ RAISIN INDIAN PP 500g,26
GH WHO SPICE BLACK CARDAMOM PP 25g,26
MOONG DAL 500g,26
GH LAPSI DALIA BIG 500g,26
GH DAHI MASLA JR 75g,26
GH PRIME RAJMA CHTRA PP 500g,26
GH PRIME CHANA DAL PP 1Kg,26
NACHANI LOOSE,26
SONA MASOORI PREMIUM LOOSE,26
GH SALT SENDHAV 100g,26
RICE KOLAM HMT STANDARD LOOSE,26
GH PRIME MOONG DAL CHILKA PP 1Kg,26
FOXTAIL MILLET LOOSE,26
GH FRUIT N NUT KISMIS AFGAN PP 200g,26
DESI ATTA CHIROTI RAVA PP 500g,26
GH PRIME RAJMA CHTRA PP 1Kg,25
GH PRIME FINGER MILLET PP 500g,25
CHANA KABULI 2 kg,25
GH TAL MAKHANA 50g,25
GH PRIME WHO SPICE CORIANDR 100g,25
SANGIS KTCN CORIANDER PWDR PP 200g,25
GH NAWAB PASAND RICE PP 1kg,25
GHPR CHANA RED PP 1Kg,25
DESI ATTA IDLI RAVA PP 1Kg,25
PREMIUM RICE LOOSE,25
GH WHO SPICE MUSTARD BIG 500g,25
GH WHO SPICE KASURI METHI 100g,25
BROWN FLAX SEEDS LOOSE,25
GH PRIME SABUDANA 500g,25
GOLDEN HARVEST DRY APRICOT 500g,25
TUR DAL PREMIUM 5kg,25
GH WHOSPICEBLKCARDAMOM 100g,25
CHANA DAL 1Kg,25
KARMIQ MUNCHIS ALMOND PERI PERI PP 18g,25
GH PRIME TUR DAL PP 1Kg,25
GOLDEN HARVEST KHARBUJ SEED 100g,25
GH RAJMA CHITRA WHITE 1kg,25
GH POWDER SPICE TEEKHI MIRCH PP 100g,25
KARMIQ MNCS ALMOND CHT MASALA PP 18g,25
KARMIQ OLIVE OIL POMACE JR 5L,25
BROWN RICE LOOSE,25
DUBAR PREMIUM LOOSE,25
GH KISMIS PREM 500g,25
GH POW SPICE SUPER GARAM MASALA PP 100g,25
KARMIQ MUNCHIES CSHW CLS CHEESE PP 18g,25
SANGIS KITCHEN CINNAMON WHOLE PP 50g,25
RICE MASOORI LOOSE,25
GH PREMIUM DALIYA 500g,25
EKTAA JAGGERY PREMIUM JR 250g,25
GH SEA SALT GRINDER BT 100g,25
GH BPT RICE PP 1kg,25
GH PRIME LITTLE MILLET PP 500g,25
SANGIS KITCHEN GARAM MSLA WHOLE PP 100g,24
SANGIS KITCHEN DAHI MASLA BT 45g,24
GH MOONG WHOLE PREM 500g,24
RICE AMBAMOHAR PREMIUM LOOSE,24
MASOOR BLACK WHOLE LOOSE,24
GH PRIME WHO SPICE CARDAMOM BG 100g,24
GH PRIME PEARL MILLET PP 500g,24
SANGIS KITCHEN BLACK MUSTARD PP 200g,24
MOONG DAL 1Kg,24
CORN LOOSE,24
RICE KOLAM SUPREME LOOSE,24
MATKI LOOSE,24
MOTHER EARTH URAD CHILKA 500g,24
GHPR MASOOR WHOLE PP 500g,24
SANGIS KITCHEN BLK PEPPER POWDER BT 40g,24
SANGIS KTCN TEEKHI CHILLI PWDR PP 200g,24
SANGIS KICTHEN METHI DANA PP 100g,24
GH PRIME URAD DAL PP 1Kg,24
CHANA DAL STD LOOSE,24
GH BUTTERMILK MASALA JR 100g,24
GH CHANA RED SMALL 1K,24
GH SABUDANA SMALL 500g,24
SANGIS KTCN BANDHANI HING GRINDER BT 50g,24
MINI MOGRA LOOSE,24
SANGIS KITCHEN DILL SPRINKLER BT 6g,24
GH PRIME WHO SPICE PANCH PURAN PP 100g,24
KODO MILLET LOOSE,24
TUR DAL ECONOMY LOOSE,24
RAW RICE NEW LUCHAI LOOSE,24
RAJGIRA WHITE LOOSE,24
SANGIS KITCHEN CORIANDER WHOLE PP 100g,24
RICE LAL PATNI LOOSE,24
GH WHITE PEPPER POWDER BT 70g,24
SHUBHRA RICESONA MASURI PP 5Kg,24
GH SUGAR POWDER 500g,24
GH WHO SPICE SHAHI JEERA 100g,24
EKTAA KURMURA PP 200g,24
GHPR MOONG DAL PP 500g,24
GHPR CHAWALI BLCK EYE BEAN PP 500g,24
GH FRUIT&NUT MIX DRY FRUIT PP 200g,24
TAMARIND LOOSE,24
GH LAPSI DALIA SMALL 500g,24
GH SABUDANA BIG 500g,24
GOLDEN HARVEST PISTA PISHORI 100g,23
GH PRIME URAD CHILKA PP 1Kg,23
GH WHO SPICE COCONUT 500g,23
GH SEASONING PARSLEY BT 15g,23
GHPR MOONG DAL CHILKA PP 1Kg,23
KARMIQ CASHEW VAL PP 100g,23
KARMIQ OLIVE OIL EXTRA VIRGIN BT 250ml,23
WHEAT SHARBATI LOOSE,23
GH WHO SPICE CASSIA SPLIT 100g,23
GH SONA MASOORI RICE PP 1kg,23
SANGIS KITCHEN BUTTERMILK MASALA BT 60g,23
GHPR BARNYARD MILLET PP 500g,23
MOTHER EARTH PUFFED RICE 180g,23
RICE ROYAL BASMATI LOOSE,23
CHANA KABULI 1Kg,23
KARMIQ CASHEW VAL PP 400g,23
GH WHO SPICE CLOVE 100g,23
TUR DAL 1Kg,23
GH PRIME MOONG WHOLE GREEN PP 1Kg,23
GH DAILY MOONG DAL PREM 2K,23
RAW RICE AMBEMOUR LOOSE,23
RICE MOGRA STANDARD LOOSE,23
DESI ATTA IDLI RAVA PP 500g,23
GH OTH PULSE MASOOR DAL STD 1K,23
GHPR LAPSI DALIYA BIG 500g,23
GH WHO SPICE BLACK CARDAMM 20g,23
EKTAA JAGGERY CARDAMOM JR 250g,23
GH SANDWICH MASALA JR 75g,23
GH PULSES WHO URAD WHITE STD 500g,23
RED MATTA LOOSE,23
GH WHO SPICE RAI 100g,23
CHANA DAL PREM LOOSE,23
GOLDEN HARVEST KISMIS INDIAN 100g,22
GH POHA 500g,22
KARMIQ ROYAL ALMOND JAR 800g,22
GHPR CHANA MAUSAMI PP 500g,22
GH WHO SPICE JEERA 500g,22
SANGI'S KITCHEN OREGANO BTL 8 G,22
GH WHO SPICE METHI DAL 100g,22
NATURE CHOICE ANJEER PP 200g,22
GH RICE BASMATI HYDERABADI BIRYANI 10kg,22
GOLDEN HARVEST MUNAKKA 100g,22
GHPR MASOOR WHOLE PP 1Kg,22
GH SEASONING BASIL BT 7g,22
NATURES CHOICE AMLA CANDY ANARDANA 200g,22
SANGIS KITCHEN BLACK TIL SESAME PP 200g,22
GH CHANA ROASTED PP 500g,22
GHPR MOONG WHOLE GREEN PP 1Kg,22
EKTAA FTN BHUNA BHUNJA CHANA PP 250g,22
GH DAILY RAWA IDLI 1K,22
GH WHO SPICE ANISE SEED 100g,22
SANGIS KITCHEN BLACK SALT GRNDR BT 100g,22
GH BASMATI RICE DUBAR PREMIUM 10Kg,22
KARMIQ CASHEW VAL PP 200g,22
MOONG WHOLE 2Kg,22
GH BLACK SALT 200g,22
GH WHO SPICE BIG SAUNF 500g,22
GH RICE DOSA RICE 2K,22
GH WHO SPICE DRY METHI 500g,22
SANGIS KITCHEN JALJEERA MASALA BT 45g,22
SANGIS KITCHEN THYME SPRINKLER BT 11g,22
SANGIS KITCHEN MINT SPRINKLER BT 5g,22
RICE KALI MUCH LOOSE,22
SANGIS KITCHEN BADI SAUNF PP 200g,22
GH PLAIN MAKHANA 200g,22
JUWAR PREMIUM LOOSE,22
GHPR CHAWALI BLCK EYE BEANS PP 1Kg,22
GH PRIME WHO SPICE GUNDU CHILI BORE 50g,22
GH RICE LONG GRAIN BAG 5K,22
GH GOLA CUT 200g,21
SUGAR SMALL LOOSE,21
GOLDEN HARVEST CASHEW 4P 200g,21
GH BHAGAR 500g,21
KARMIQ MNCS ALMOND SEAL SLT&PPR PP 18g,21
SANGIS KITCHEN DRY MANGO POWDER BT 40g,21
KARMIQ MNCS CASHEW SEA SLT & PPR PP 18g,21
GH MIX DAL 500g,21
RICE SILKY KOLAM LOOSE,21
WHEAT ATTA 5Kg,21
RICE BASMATI TIBAR LOOSE,21
GH FRUIT N NUT SEEDLES BLACK KISMIS 200g,21
GOLDEN HARVEST DRY APRICOT 100g,21
GH CHANA DALIYA 500g,21
GH SUGAR MISHRI DANA 200gm,21
GHPR URAD WHOLE BLACK PP 500g,21
GH MASOOR DAL PREM 1K,21
TUR DAL 500g,21
BESAN 1Kg,21
KARMIQ OLIVE OIL CLASSIC BT 250ml,21
RAJMA CHTRA WHITE LOOSE,21
GH WHO SPICE PANCH PHORAN PP 200g,21
GUNTR CHILLI LOOSE,21
GHPR CHANA GREEN PP 500g,21
EKTAA JAGGERY PREMIUM JR 500g,21
RICE I R 36 LOOSE,21
BAJRA STANDARD LOOSE,21
GOVIND BHOG PRM LOOSE,21
BAJRA PREMIUM LOOSE,21
GH SUGAR BROWN JAR 800g,21
1014RAW RICE LOOSE,21
GH MATKI WHOLE 1K,21
MOONG WHOLE STD LOOSE,21
RAJMA JAMMU LOOSE,21
GHPR TUR DAL PP 500g,21
GH CHANA DAL PREM 1KG,21
RAW RICE SOLTY RAMPAL LOOSE,21
HMT PRM LOOSE,21
GOLDEN SELLA LOOSE,21
CORIANDER LOOSE,21
KARMIQ RAISIN INDIAN PP 200g,21
GHPR MOTH WHOLE PP 500g,21
GH EVERYDAY DAL MIX PP 500g,21
GH BANDHANI HING BT 2*100g,20
KARMIQ MUNCHIS CASHEW PERI PERI PP 18g,20
GH SEASONING SAGE BT 7g,20
GHPR MASUR DAL PP 500g,20
GHPR RAJMA CHTRA PP 1Kg,20
WAL SURTI LOOSE,20
GH FRUIT N NUT KAJU MASALA CHILLI 200g,20
GH PREMIUM DALIYA 1Kg,20
RAW RICE SHREE AIJAN LOOSE,20
GH POWDER SPICE CORIANDER PP 1kg,20
GH DAILY TUR DAL PREM 2kg,20
GHPR GROUNDNUT 500g,20
GH WAL KADWA WHOLE 500g,20
PH WHO SPICE CARDAMOM BIG 100g,20
GH POW SPICE SUPER GARAM MASALA PP 50g,20
USNA MASOORI STANDARD BOILED RICE LOOSE,20
GH BASMATI RICE DUBAR BG 5Kg,20
CHANA MAUSAMI LOOSE,20
GH PRIME WHO SPICE JEERA 200g,20
CHANA KALA 500g,20
GOLDEN HARVEST KHARIK BLACK PP 100g,20
GHPR MOONG DAL CHILKA PP 500g,20
RICE BASMATI STANDARD LOOSE,20
GH WHOSPICEKALONJI 200g,20
GOLDEN HARVEST PREMIUM CASHEW 100g,20
GH DRY GINGER POWDER BT 50g,20
GH WHO SPICE PANDI CHILLI PP 50g,20
KARMIQ ALMONDS VAL PP 100g,20
WHEAT PREM DARA LOOSE,20
RICE JEERA PREMIUM LOOSE,20
GH RR DAL MAKHANI KIT 250g,20
MOONG DAL SPLIT PREM LOOSE,20
KARMIQ RAISIN INDIAN PP 100g,20
GH CHANA KABULI STD 1K,20
WHO CHAWLI WHITE LOOSE,20
GH PULSES WHO URAD WHITE PRM 1kg,20
GH KURMURA MURMURA BHADANG PP 200g,20
GH WHO SPICE CASSIA SPLIT 25g,20
DESI ATTA JOWAR/SORGHUM ATTA PP 500g,20
WATANA WHITE LOOSE,20
GH POWDER SPICE TURMERIC PP 1kg,20
BARLEY LOOSE,20
GHPR LITTLE MILLET PP 500g,20
EKTAA SOYA MINI CHUNKS BX 200g,20
SOYABEAN LOOSE,20
KANAKI LOOSE,20
BLACK CHIA SEEDS LOOSE,20
GH RAJMA SHARMILI RED SMALL 1k,20
RICE DUDHESWAR SUPREME LOOSE,19
DESI ATTA CHIROTI RAVA PP 1Kg,19
RICE JEERA KATI LOOSE,19
GOLDEN HARVEST CASHEW 2P 200g,19
SANGIS KTCN WHITE ROCK SLT GRNDR BT 100g,19
GHPR CHANA MAUSAMI PP 1Kg,19
GH RICE BOILED IR UKDA 1Kg,19
WHEAT SIHORE A LOOSE,19
NAWAB PASAND LOOSE,19
RICE CHINESE BIRYANI LOOSE,19
EKTAA KURMURA PP 500g,19
BASMATI RICE MOHANBHOG LOOSE,19
GH RR MISAL KIT 180g,19
SANGIS KICTHEN CUMIN WHOLE PP 200g,19
GHPR GREN PEAS PP 500g,19
ARWA KATARNI STANDARD LOOSE,19
FRESH & PURE SOYABEAN OIL JR 5L,19
GH BHAJKA POHA 500g,19
GH FRUIT N NUT PISTA PLAIN PP 100g,19
WHEAT DAUDKHANI LOOSE,19
FRESH & PURE DESI GHEE BX 500ml,19
SANGIS KITCHEN CUMIN WHOLE PP 100g,19
RICE HMT PREMIUM NEW LOOSE,19
MASOOR DAL PREMIUM 2Kg,19
MIXED DRY FRUIT LOOSE,19
GH POWDER SPICE RED CHILLI PP 1kg,19
GHPR LAPSI DALIYA SML 500g,19
GH AKHROT GIRI POPULAR 200g,19
GOLDEN HARVEST KISMIS AFGAN 100g,19
GHPR KABULI CHANA PP 500g,19
MOONG DAL CHILKA 2Kg,19
GRAM WHITE DOLLAR LOOSE,19
GH RR MEXICAN RICE KIT 240g,19
BESAN 500g,19
GHPR SABUDANA 500g,19
RAJMA CHITRA 2 Kg,19
DESI ATTA FINE BESAN PP 1Kg,19
SK BLK PPR + RED CHL FLKS+ELC DN 140g OP,19
GHPR SOYABEAN WHOLE PP 500g,19
GH BASMATI RICE MOGRA PP 5kg,19
RICE BASMAT SELLA SUPREME LOOSE,19
GHPR URAD WHOLE WHITE PP 500g,18
GH DGDI CHWDA POHA 500g,18
RICE BORA STANDARD LOOSE,18
KARMIQ DL ENGY BTS RST&SLT PISTA PP 450g,18
RICE ANDHRA BOILED LOOSE,18
GHPR CHANA RED PP 500g,18
GH WHO SPICE SABJA 100g,18
PH WHO SPICE YELLOW SARSON 200G,18
GH CARDAMOM POWDER BT 50g,18
ECONOMY MASOORI LOOSE,18
GH RR PACNHRATNA DAL KIT 185g,18
GH WHO SPICE BADIYAN 100g,18
RICE BOILED LOOSE,18
GH SABUDANA NYLON 500G,18
GH NACHANI 500g,18
GHPR RAJMA KASHMRI PP 500g,18
GH DAILY OTH PULSE CHANA GREEN 500g,18
MASOOR DAL 500g,18
GOLDEN HARVEST ANJEER 200g,18
GHPR CHAT CHANA PP 500g,18
KHARBOOJ SEEDS LOOSE,18
RICE IR UKDA LOOSE,18
GH FRUIT N NUT KAJU MSL BLK PEPPER 100g,18
MAIDA 1Kg,18
RICE FOOTBALL LOOSE,18
GH TUR DAL PREMIUM 5Kg,18
GH SURTI KOLAM PREMIUM RICE 10Kg,18
GH WHO SPICE GREEN CARDMM 100g,18
SANGIS KTCN LEMONGRASS SPRINKLER BT 7g,18
SANGIS KITCHEN SEA SALT GRINDER BT 100g,18
QUINOA RED LOOSE,18
DUDHESWAR STANDARDBOILED RICE LOOSE,18
CHIA SEEDS WHITE LOOSE,18
GH POW SPICE DRY MANGO PP 200g,18
GH BASMATI RICE MINI MOGRA BG 5Kg,18
JASMINE RICE LOOSE,18
GH URAD DAL GUNDU PREM 1K,18
GHPR URAD DAL PP 1Kg,18
GH DAILY OTH PULSE CHANA DAL PREM 2K,18
PARMAL SELLA LOOSE,18
GOLDEN HARVEST CASHEW 4P 100g,18
DESI ATTA UPMA SUJI PP 500g,18
GHPR CHANA DAL PP 1Kg,18
KARMIQ MUNCHIES CSHW CHT MASALA PP 18g,17
GH WHO SPICE TEJ PATTA 100g,17
GH FUTANA FRIED 500g,17
WHT PEPPER LOOSE,17
EKTAA FTN BHUNA BHUNJA CHANA PP 500g,17
SURTI RICE KOLAM BAG 25Kg,17
GH CORN 200g,17
GH FRUIT N NUT APRICOT WHOLE PP 200g,17
GH WHO SPICE MARATHI MOGGU 50g,17
WHEAT ATTA SAMPOORNA PP 10Kg,17
GH WAL SURTI 500g,17
WHEAT 2189 LOOSE,17
GH BASMATI SELLA RICE PP 1kg,17
URAD GUNDU PREMIUM 2Kg,17
WHEAT SARBATI PEARL LOOSE,17
GH PRIME SORGHUM MILLET PP 500g,17
GH OTH PULSE WATANA WHITE 1K,17
GH READYMIX CHANA 100g,17
GH KURMURA BASMATI 500g,17
GOLDEN HARVEST MUNAKA 200g,17
GH IDLI RICE 2K,17
JUWAR STANDARD LOOSE,17
GOLDEN HARVEST KHARIK BLACK 500g,17
GH WH CHANA KABULI WHO 1kg,17
GH WHO SPICE WHITE TIL 500g,17
GH WHO SPICE KOKAM PANDI 100g,17
SANGIS KITCHEN YELLOW MUSTARD PP 100g,17
GH PRIME WHO SPICE BLK PEPR 100g,17
SANGIS KTCN KASHMIRICHILLI PWDR PP 100g,17
GHPR MOONG DAL PP 1Kg,17
SUJI 1Kg,17
SANGIS KTCN PINK ROCK SALT GRNDR BT 100g,17
GHPR CHANA DAL PP 500g,17
PH MASUR DAL PP 500g,17
GH WHO SPICE BLACK TIL 200g,17
GH FRUIT N NUT KAJU MASALA CHILLI 100g,17
GH RAJMA CHAKROTA DISCO PP 1kg,17
FRESH & PURE KCHI GHNI MUSTRD OIL TN 15K,17
SUJI 500g,16
KARMIQ ROYAL PISTA JAR 600g,16
AGRIPURE ATTA SAMPOORNA 10kg,16
GH POHA 1Kg,16
CHANA KESARI LOOSE,16
GH OTH FLOUR RICE 500g,16
GHPR RAJMA CHTRA PP 500g,16
WHEATMP SARBATI PEARL 30Kg,16
1014BOILED RICE LOOSE,16
WHEAT LOKWAN RUBY LOOSE,16
GH WATANA GREEN 1Kg,16
BOILD RICE CHEAP AND BEST LOOSE,16
RICE BOILED USNA PRML STD LOOSE,16
GH SONA MASOORI RICE CLASSIC BG 25Kg,16
WAL KADWA LOOSE,16
GH MASOOR DESI MALKA 500g,16
GHPR MILET FOXTAIL PP 500g,16
GHPR TOOR DAL PP 1Kg,16
KARMIQ MNCS CSHEW SOUR CRM&ONION PP 18g,16
GH WHO SPICE MARATHI MOGGU 25g,16
GOLDEN HARVEST CASHEW 2P 100g,16
GH WHO SPICE RED CHILLI 200g,16
BASMATI RICE DUBAR LOOSE,16
WATANA GREEN LOOSE,16
SANGIS KITCHEN ROCK SALT PINK PP 200g,16
RICE MOGRA PREMIUM LOOSE,16
EVERYDAY RICE LOOSE,16
CHAKKI WHITE JOWARI LOOSE,16
GH WHOSPICESAUNFROASTED 200g,16
GH WHO SPICE KASHMRI CHILI 200g,16
PREMIUM FIGS LOOSE,16
INDRAYANI SPECIAL LOOSE,16
SABUDANA BIG LOOSE,16
KARMIQ ALMOND VAL PP 200g,16
GH SUGAR KHADI 100g,16
GH RR PUNJABI DAL KIT 185g,16
GH CHANA KESARI 500g,16
GH WHO SPICE DRY GINGER 100g,16
NATURES CHOICE AMLA CANDY SWEET 200g,16
GH SEASONING CHILLI FLAKES BT 45g,16
GHPR SORGHUM MILLET PP 500g,16
GHPR KABULI CHANA PP 1Kg,16
SARVOTAM POPULAR LOOSE,16
BUSTAAN DATES SULTAN BX 500g,16
MAIDA 500g,16
GH DAILY MATKI DAL PP 500g,16
GH CHANA DALIYA 200g,16
GH JEERASAR PP 1kg,16
GH RICE BASMATI TIBAR 10kg,16
KRISHNA KAMOD LOOSE,16
RICE BASMATI DUBAR STD LOOSE,15
RICE PONIA LOOSE,15
GH FRUIT N NUT KAJU MSL BLK PEPPER 200g,15
KARMIQ SAFFRON PRSIAN PP 1g,15
BUSTAAN DATES KHANEESI BX 500g,15
GH DRY FRUIT ALMOND 450Gg GP,15
GH SABUDANA POHA 200g,15
MATKI DAL LOOSE,15
GOLDEN HARVEST KISMIS PREMIUM 100g,15
GH WHO SPICE AJWAIN 50g,15
RAW RICE KOLPI GHOTI LOOSE,15
EKTAA AVALLAKHI POHA PP 1Kg,15
MOTHER EARTH MUSTARD BIG ORGANIC PP 100g,15
RICE WADA KOLAM NEW LOOSE,15
GH RAJMA KASHMIRI RED BIG 1kg,15
SAT ANAJ LOOSE,15
KARMIQ THITRY DAY PACK ASRTD R&S PP 450g,15
RICE SONA MASORI STANDARD LOOSE,15
SANGIS KITCHEN TURMERIC WHOLE PP 100g,15
EKTAA JAGGERY PREMIUM JR 250g + 50g,15
GH SABUDANA INSTANT 500g,15
PH CHANA RED PP 1Kg,15
GH PULSES YELLOW MASOOR DAL PP 500g,15
FRESH & PURE GROUNDNUT OIL PP 1L,15
GH WHO SPICE NYLON TIL 100g,15
RAW RICE SADHU AIJAN LOOSE,15
GH SUPERFINE SUGAR PP 500g,15
EKTAA MLTS BHAGHAR MORDHAN PP 500g,15
GOLDEN HARVEST KHARIK BLACK PP 200g,15
GOLDEN HARVEST PEANUT 100g,15
DESI ATTA CO MATHARI MIX PP 500g,15
GH WHO SPICE MUSTARD DAL 100g,15
BASMATI RICE KRT BROKEN LOOSE,15
GH WHO SPICE SAUNF ROASTD 100g,15
GH DAILY TUR DAL STD 500g,15
RICE ANDHRA KOLAM LOOSE,15
EKTAA TAL MAKHANA BX 50g,15
BUSTAAN DATES LULU BX 500g,15
GH BLACK PEPPER WHOLE PP 200g,14
MOONG DAL SUPREME LOOSE,14
MINIKET SUPREMEBOILED RICE LOOSE,14
GHPR RAJMA SHARMLI PP 500g,14
SANGIS KITCHEN CHILLI POWDER PP 200g,14
GHPR PEARL MILLET PP 500g,14
GOLDEN HARVEST PREMIUM CASHEW 400g,14
GH WHO SPICE JEERA 1Kg,14
DESI ATTA CO BEDAMI POORI MIX PP 500g,14
RICE DUBRAJ NEW LOOSE,14
GH SUGAR MISHRI DANA 500g,14
GH SUGAR 10kg,14
RICE BASMAT SELLA PREMIUM LOOSE,14
PH MOTH WHOLE PP 500g,14
GHPR MOONG WHOLE GREEN PP 500g,14
WHEAT BANSI A LOOSE,14
URAD DAL 500g,14
PH RAJMA CHITRA PP 1Kg,14
MOTHER EARTH WHOLE WHEAT CHK ATTA PP 5Kg,14
GH WHO SPICE NYLON TIL 200g,14
RICE SURTI KOLAM PREM NEW LOOSE,14
GH OTH FLOUR RAGI 1Kg,14
RAW RICE SUNFLOWER RAMPAL LOOSE,14
GH FRUIT N NUT ANJEER STANDARD 100g,14
BLACK TIL LOOSE,14
BIG MUSTRD LOOSE,14
PH MOONG DAL PP 1Kg,14
KARMIQ ALMONDS VAL PP 1Kg,14
RAW RICE HMT KOLAM LOOSE,14
JAGGERY LOOSE,14
GH FRUIT&NUT MIX DRY FRUIT PP 500g,14
RICE AMBAMOHAR PREMUM NEW LOOSE,14
GH FRUIT N NUT ANJEER STANDARD 500g,14
MIX DAL 2KG,14
NAFIS BASMATI RICE LOOSE,14
GHPR KODO MILLET PP 500g,14
GH SABUDANA SMALL 200G,14
GH FRUIT N NUT KAJU SALTED 100g,14
SANGIS KITCHEN NUTMEG/JAIPHAL PP 25g,14
GH DAILY CHAWLI DAL PP 500g,14
GH CHANA KESARI 1kg,14
GOLDEN HARVEST GOND 200g,14
GH KURMURA BHADANG 500g,14
SANGIS KITCHEN OREGANO REFILL PACK PP 8g,14
EKTAA JAGGERY AJWAIN JR 250g + 50g,14
SUNFLWER SEED LOOSE,14
JEERASAR STD LOOSE,14
PH WHO SPICE METHI DANA 200g,14
GH GROUNDNUT 200G,14
POHA THIN LOOSE,14
SWARNA BOILED RICE LOOSE,13
RICE SURTI KOLAM STD NEW LOOSE,13
KARMIQ VIVID ELEGANCE DFT GIFT BX 300g,13
GH MURMURA 200g,13
BLK PEPPER LOOSE,13
RAJMA CHAKROTA LOOSE,13
MASOOR DAL 1Kg,13
PH CHANA DAL PP 500g,13
GROUNDNUT STD LOOSE,13
GHPR URAD CHILKA PP 500g,13
SARVOTAM PREMIUM LOOSE,13
GHPR YELOW PEAS PP 500g,13
RICE KOLAM ECONOMY LOOSE,13
FRESH&PURE SOYABEAN OIL REFINED JR 15L,13
WHEAT ATTA 10Kg,13
NATURE CHOICE DRY FRT CASHEW JR 500g,13
GH SONA MASOORI RICE SUPREME BG 25Kg,13
GH FRUIT N NUT KAJU SALTED 200g,13
URAD DAL GUNDU STD LOOSE,13
RICE BASMATI PULAV STD LOOSE,13
GH HYBD BIRYANI RICE 25Kg,13
RICE KOLAM KANI LOOSE,13
RAVA SUJI LOOSE,13
SANGIS KITCHEN DRY GINGER POWDER 35g,13
WHITE TIL LOOSE,13
RICE BIRYANI LOOSE,13
RAW RICE BROKEN RICE LOOSE,13
GH WHO SPC WATERMELON SEEDS PP 50g,13
GH DAILY RAVA/SUJI SMALL 1Kg,13
CLOVE LOOSE,13
PH MOONG DAL CHILKA PP 500g,13
GHPR URAD CHILKA PP 1Kg,13
SELLA REGULAR LOOSE,13
GH DAILY RAVA/SUJI 500g,13
CHAWLI BLACK EYE LOOSE,13
KAJU PREMIUM LOOSE,13
WHEAT SARBATI DIAMOND LOOSE,13
BEMISAL REGULAR LOOSE,13
KASHMIRI KESHAR RICE LOOSE,13
CHANA KABULI DOLLAR LOOSE,13
DESI ATTA BANSI RAVA PP 500g,13
GH RICE SURTI KOLAM 25Kg,13
EKTAA AVALLAKHI POHA PP 500g,13
SALTED PISTACHIOS 333 LOOSE,12
KHURBANI LOOSE,12
GH PISTA SALTED 100g,12
MOONG WHOLE 1KG,12
METHI DRY LOOSE,12
MASOORI SPECIAL RAW RICE LOOSE,12
DALIYA 1Kg,12
KAJU SUPREME LOOSE,12
GH ICING SUGAR PP 500g,12
RICE GOBINDO BHOG SUPREME LOOSE,12
GHPR AMARANTH PP 500g,12
KALONJI LOOSE,12
GH SPICEWHODALCHINIPRM 50g,12
TURMERIC LOOSE,12
GOLDEN HARVEST ALMOND SANORA PP 500g,12
PONNY BOILED PREMIUM LOOSE,12
KARMIQ ROYAL CASHEW JAR 700g,12
PH URAD WHOLE BLACK PP 500g,12
AGRIPURE ATTA SAMPOORNA PP 5kg,12
RICE GIDDA LOOSE,12
RAW RICE RAMPAL JOHA LOOSE,12
SANGIS KITCHEN GREEN CARDAMOM PP 25g,12
GH RAJMA JAMMU 1K,12
RAJMA SHRMILI RED SML LOOSE,12
TUR DAL STD 2Kg,12
SELLA MINI MOGRA LOOSE,12
KARMIQ CASHEW VAL PP 750g,12
GH PRIME MILET FOXTAIL PP 500g,12
GH FUTANA FRIED 200g,12
MINIKET POPULARBOILED RICE LOOSE,12
GH WHITE BUTTER BEANS 200g,12
GH WHO SPICE TAMARIND 1Kg,12
PH WHO SPICE CORIANDR 100g,12
PH CHANA RED PP 500g,12
CHANA GREEN LOOSE,12
GH WHO SPICE SAUNF SMALL 500g,12
GH WHO SPICE RED CHILLI 500g,12
EKTAA CANDY JAGGERY CARDAMOM JR 250g,12
GH WHO SPICE COCONUT 200g,12
GH JUWAR STANDARD 1kg,12
SANGIS KITCHEN SHAHI JEERA PP 50g,12
URAD DAL 1Kg,12
URAD DAL 2 kg,12
RICE HAND FOUND LOOSE,12
GH WATANA BLACK 500g,12
GOLDEN HARVEST GURBANDI GIRI 200g,12
TULSIBHOGRAW RICE LOOSE,12
MASOOR MALKA RED 2Kg,12
SANGIS KICHEN GUNTUR CHILLI WHOLE PP 50g,12
RAW RICE ZAIKA PREMIUM LOOSE,12
WHEAT CHAKKI SIHORE SHRBT LOOSE,12
GH DRY FRUIT KALIDARAK PP 500g,12
SANGIS KITCHEN CHILLI POWDER PP 100g,12
GH WHO SPICE LONVLA KOKAM 100g,12
GH RICE BASMATI EVERYDAY 25kg,12
GH CHAWLI WHITE LOBHIA 200g,11
CPL SONA MASOORI STEAM RICE 25K,11
GH DRY FRT GIFT BOX POTLI 300g,11
GH DAILY RAVA/SUJI SMALL 500g,11
PARMAL PREMIUM LOOSE,11
KAJU STANDARD LOOSE,11
RICE BASMATI SUPREME LOOSE,11
RICE SONA MASOORI CLASSIC LOOSE,11
GH BAJRA STANDARD 500g,11
MAIZE LOOSE,11
URAD DAL CHILKA LOOSE,11
GH WHO SPICE KHUS KHUS 500g,11
MOONG WHOLE 500g,11
FRESH & PURE YELLOW MUSTARD OIL BT 1L,11
NILGIRIS WALNUT OIL BOTTLE 50ml,11
RICE SURTI KOLAM STEAM LOOSE,11
BOILED RC ROSE DOUBL UNDA LOOSE,11
AVALAKKI THICK LOOSE,11
GH FRUIT&NUT KHARIK BLACK PP 200g,11
MOONG CHILKA 1Kg,11
RAW RICE HMT STEAM LOOSE,11
GH RED DOUBLE BEANS 200G,11
BPT REG LOOSE,11
URAD DAL STD LOOSE,11
NATURE CHOICE DRY FRUIT MIX JAR 200g,11
POHA NYLON LOOSE,11
DRY FRUIT KISMISH INDIAN LOOSE,11
BUSTAAN DATES MABROOM BX 500g,11
BLK CARDAMM LOOSE,11
ARWA SONACHUR PREMIUM LOOSE,11
GH SABUDANA INSTANT 1kg,11
RAJMA SRINAGAR LOOSE,11
DESI ATTA UPMA SUJI PP 1kg,11
GH WHO SPICE HALEEM 100g,11
RAJMA CHITRA 500g,11
GH FUTANA FRIED 1K,11
NILGIRI LITTLE MILLET SAAMAI PP 500g,11
GH WHITE DOUBLE BEANS 200g,11
MUGHLAI BIRYANI LOOSE,11
PONNY RAW RICE PREMIUM LOOSE,11
PH KABULI CHANA PP 500g,11
PH SABUDANA 500g,11
CHANA KALA 1Kg,11
GH TUR DAL LATUR PREMIUM 5Kg,11
SANGIS KITCHEN CHILLI POWDER PP 500g,11
BUSTAAN DATES SAFAWI AL MADINA BX 500g,11
SUGAR DIAMOND LOOSE,11
GH WHO SPICE SAUNF SWEET 100g,11
NILGIRIS COW GHEE SPECIAL PP 500ml,11
GH BARLEY 200g,11
GHPR FINGER MILLET PP 500g,11
SANGIS KITCHEN NUTMEG/JAIPHAL PP 50g,11
GH PISTA SALTED 200g,11
BESAN LOOSE,11
GOLDEN SELLA REGULAR LOOSE,11
GH POW SPICE CUMIN CORIANDER 200g,11
KARMIQ DRIED CRNBR & BLBR & APRT 300g GP,11
RICE AMBAMOHAR STANDARD LOOSE,11
SURTI KOLAM RICE BG 10Kg,11
GH URAD DAL WHO URAD WHT PRM 500g,11
BEMISAL TINY MOGRA LOOSE,11
NATURE CHOICE ALMOND PREMIUM JR 200g,11
JEERA LOOSE,11
DRY FRUIT KAJU 4PC LOOSE,11
RICE PARMAL STANDARD LOOSE,11
RICE RAJA RANI LOOSE,10
GH HMT REGULAR 25Kg,10
GH NYLON SABUDANA 200g,10
GH DAILY MAIDA 1Kg,10
KULTHI LOOSE,10
GH WHO SPICE GARAM MASALA PP 500g,10
GH POHA MAKAI 500G,10
AFGHAN RAISINS LOOSE,10
BEMISAL DUBAR LOOSE,10
DESI ATTA BANSI RAVA PP 1Kg,10
RICE DASH LOOSE,10
MASOOR DESI MALKA LOOSE,10
GOLDEN HARVEST ALMONDS STD PP 500g,10
WHITE GOLDEN SELLA LOOSE,10
GH SONA MASOORI RICE POPULAR BG 10Kg,10
RICE MINI KOLAM PREMIUM LOOSE,10
BOILED RICE ROSE DOUBLE LOOSE,10
RAW RICE DUDH MALAI NEW LOOSE,10
GH ROASTED AKKI THARI PP 1kg,10
GH FRUIT&NUT DATES DRY PP 200g,10
GH MOONG DAL WHOLE 2k,10
GH MOCHAI WHITE 200g,10
DRY FRUIT KHARIK BLACK LOOSE,10
RICE LONG BOILED LOOSE,10
GOLDEN HARVEST ALMD+CASHEW+RAISINS 300g,10
GH DRY FRUIT KHARIK YELLOW 500G,10
PUMPKIN SEED GREEN LOOSE,10
RICE WADA KOLAM LOOSE,10
HMT KOLAM RICE BG 10Kg,10
RICE BASMATI SELLA STD LOOSE,10
GH CHAWLI SMALL 500g,10
SAUNF LOOSE,10
GH CHANA KABULI PREMIUM 2k,10
GH RAJMA SHARMILI 200g,10
GH READYMIX CHAT 100g,10
GH SONA MASOORI RICE STANDARD BG 10Kg,10
GH WHO SPC KASHMIRI CHILLI PP 50g,10
GH RAJMA KASHMIRI RED BIG 200g,10
SANGIS KITCHEN SEA SALT PP 200g,10
PH WHO SPICE KHUS KHUS 50g,10
NATURE CHOICE DRY FRUIT MIX JR 500g,10
GH OTH FLOUR CORNFLOUR 500G,10
CASSIA SPLIT LOOSE,10
BOILED RICE LAXMIBHOG LOOSE,10
RICE BASMATI BROKEN LOOSE,10
KARMIQ CRMG EXTRAVAGANCE DFT GFT BX 380g,10
GH BASMATI POHA PP 500g,10
GH FRUIT N NUT KHARIK TUKDI 200g,10
KURUVA YELLOW SNGL BOILED LOOSE,10
SANGIS KITCHEN TANDOORI MASALA BX 50g,10
NILGIRIS COW GHEE SPECIAL PP 200ml,10
NILGIRIS GINGELLY OIL PP 200ml,10
GH DAILY RAVA/SUJI 1Kg,10
DRY FRT WATER MELON SEED LOOSE,10
PAPDI BB WAL LOOSE,10
RICE PAUNIA BASMATI PRM LOOSE,10
PULSES WHO URAD WHITE PRM LOOSE,10
PONGAL FLOUR RICE LOOSE,10
ATTA LOOSE,10
NATURE CHOICE DRY FRT ALMOND JR 200g,9
GH WHO MOONG 200g,9
GH GROUNDNUT INSHELL ROASTED PP 1Kg,9
MOONG DAL SPLIT STD LOOSE,9
CHANA KABULI DOLLAR 500g,9
GH WAL RANGUNI 500g,9
RICE PAUNIA BASMATI STD LOOSE,9
BPT RAW RICE LOOSE,9
GH WHO SPICE AJWAIN 500g,9
BADAM PREMIUM LOOSE,9
NILGIRIS COW GHEE JR 200ml,9
GH OTH FLOUR RICE 1Kg,9
BOILED RICE PARIMAL SELLA LOOSE,9
PH MASUR DAL PP 1Kg,9
GOLDEN HARVEST PEANUT 200g,9
SELLA DUBAR LOOSE,9
NILGIRIS COW GHEE JR 1L,9
RICE CUT SAMBHAR LOOSE,9
URAD DAL GUNDU PRM LOOSE,9
SANGIS KITCHEN MUSTARD DAL PP 50g,9
GH RICE KOLAM SUPREME 10kg,9
RICE BIRYANI PULAV LOOSE,9
GH DAILY MOONG DAL STD 500g,9
GH ALMND 200g+ CASHEW 200g+ KISMIS 200G,9
GH URAD GUNDU PREMIUM 2K,9
GH WHO SPICE DHANIA LOCAL PP 500g,9
RAW RICE NEW KALIMUCH LOOSE,9
GH DAILY TUR+MASOOR+MOONG DAL PREM 3K OP,9
WHEAT LOKWAN SAPPHIRE LOOSE,9
GH WHO SPICE TAMARIND CUBE 1Kg,9
SANGIS KITCHEN MUSTARD SMALL PP 200g,9
MASOOR WHOLE 2Kg,9
GH WHO SPICE KARLA PP 500g,9
MINIKET PREMIUMBOILED RICE LOOSE,9
NILGIRIS CAKE SEED JR 100g,9
WADA KOLAM RICE,9
MOTHER EARTH MASOOR DAL 1Kg,9
GH FRUIT N NUT WALUNT GIRI PP 100g,9
RAW RICE RAJAMUDI LOOSE,9
RAJMA CHITRA 1Kg,9
GH SPICES CHILLI FLAKES PP 100g,9
GH ROASTED RAGI HURI HITTU PP 500g,9
DAILY BASMATI RICE LOOSE,9
RICE LOVELY LOOSE,9
BOILD RC KURUVA WHTE SNGL LOOSE,9
ARWA MASOORI STANDARD LOOSE,9
KARMIQ ALMOND PP 15g,9
RAW RICE ASSAMESE JOHA LOOSE,9
RICE BASMATI NEW PREMIUM LOOSE,9
DAILY PONNI STEAM RICE LOOSE,9
SANGIS KITCHEN AGLIO OLIO MIX BX 50g,9
GH MASOOR DESI MALKA 1kg,9
RICE MINI DUBAR LOOSE,9
GH WHEAT 7 GRAIN SATNAJA 5kg,9
BOILD RICE SUREKHA DOUBLE LOOSE,9
GUNDU CHILLI LOOSE,9
KARMIQ GRN AFGHAN RAISIN PP 100g,9
NILGIRIS COW GHEE JR 500ml,9
RAGI LOOSE,9
GH AVALAKHI THIN 1kg,9
GH RICE MASOORI PP 5kg,9
GH WHO SPICE BORE CHILLI PP 50g,9
GH WHO SPICE BLACK TIL 50g,9
DRY FRUIT KAJU 2PC LOOSE,9
KARMIQ DAILY ENERGY BITES CASHEW PP 450g,9
GH WHO SPICE BROWN TIL PP 200g,9
GOLDEN HARVEST CASHEW CHILKA PP 200g,9
GH RAGI WHOLE 1kg,9
GH SABUDANA BIG 1kg,9
GOLDEN HARVEST CASHEW BLISTER 400g,9
GH SOYA MINI CHUNKS PP 200g,9
GH SOUTH INDIAN PULAV RICE PP 1kg,8
RAVA SUJI IDLI LOOSE,8
GH DAILY RAVA/SUJI BENSI 500g,8
RICE PARMAL TUKDI LOOSE,8
GH SONA MASOORI RICE CLASSIC BG 10Kg,8
NILGIRIS BARNYARD KUTHIRAVALI PP 500g,8
PH WHO SPICE BIG SAUF 200g,8
GH DAILY MAIDA 2Kg,8
GH SONA MASOORI RICE POPULAR BG 25Kg,8
IDLI RICE PP 2Kg,8
GH RICE SAKKAR CHINI KATTA 25kg,8
SUGAR LARGE LOOSE,8
MASOOR WHOLE BLACK 1Kg,8
KARMIQ MUNCHIES DFT GIFT BOX 54g OP,8
MOTHER EARTH TUR DAL PP 1Kg,8
GH JAGGERY CUBE 1Kg,8
BASKATI SUPREME BOILED RICE LOOSE,8
GH MAKKA POHA 500g,8
RAW RICE CHINOOR SUGANDHI LOOSE,8
GH DAILY RAVA/SUJI BENSI 1Kg,8
GHPR MASUR DAL PP 1Kg,8
RAW RICE BENGAL JOHA LOOSE,8
GH MASOOR DESI 1Kg,8
NILGIRIS ALMOND OIL BOTTLE 50ml,8
ANJEER SUPREMS LOOSE,8
GH DRY FRUIT POTLI 600g,8
APRICOT GIRI LOOSE,8
HMT RICE KOLAM BAG 25Kg,8
LAVNG CHILLI LOOSE,8
GH DATES DRY 200G,8
GH FRUIT N NUT MX DRY FRUIT PP 100g,8
TAAL MAKHANA LOOSE,8
CPL SONA MASOORI NEW RICE 25K,8
RICE DUBRAJ LOOSE,8
MAIDA LOOSE,8
GH RICE BROWN BASMATI 1kg,8
GH ROASTED MAIZE RAWA PP 500g,8
NILGIRIS BASIL SEED JR 100g,8
GH MAIZE 200g,8
PH CHANA MAUSAMI PP 500g,8
NEWRICE INDRAYANI LOOSE,8
GH DAILY OTH PULSE MASOOR DAL STD 2K,8
WHEAT LOKWANBG 10Kg,8
GH CASHEWS 425g + SAFFRON 0.05g GP,8
JEERSAR KANKI LOOSE,8
KARMIQ BLACK SEEDLESS RAISIN PP 100g,8
KOLAM PAKKA LOOSE,8
GH WHO SPICE JAVAS PP 500g,8
AKHROT WHOLE LOOSE,8
RAW RICE RED LOOSE,8
SANGIS KITCHEN BHARWA MASALA BX 100g,8
GH WHO SPICE RED CHILLI 50g,8
PH CHAT CHANA PP 500g,8
GH PONNI STEAM RICE DELUXE BG 25Kg,8
RICE BHAGALPURI KATARNI LOOSE,8
GH RR MISAL KIT PP 90g,8
GH SONA MASOORI RICE ECONOMY BG 25Kg,8
HMT KOLAM NEW STD LOOSE,8
GH RAW RICE IDLI 5K,8
GH DRY FRUIT FLVD PISTACHIO 400g GP,8
SANGIS KITCHEN WHITE ROCK SALT PP 200g,8
GOLDEN HARVEST CASHEW 2P 500g,8
JEERASAR PREMIUM RICE LOOSE,8
CHIDWA LOOSE,8
WHEAT SHARBATI TOPAZ BAG 10KG,8
NAVRATNA DAL LOOSE,8
GOLDEN HARVEST PREMIUM ALMONDS PP 1KG,8
CHANA KABULI 500g,8
SANGIS KITCHEN FISH MASALA BX 50g,8
NILGIRIS FOXTAIL MILLET THENAI PP 500g,8
GH SONA MASOORI RICE SUPREME BG 10Kg,8
GH RICE BASMATI KHICHADI PP 2kg,8
EKTAA JAGGERY SNF & TIL JR 250g + 50g,8
RICE RAW SWARNA LOOSE,8
GH DAILY OTH PULSE NAVRATNA DAL 1K,8
NILGIRIS GINGELLY OIL PP 1L,8
GH DAILY WHOLE DAL HORSE GRAM 500g,8
GH RICE DEHRADUN BASMATI 2kg,8
SONA MASOORI ECONMY LOOSE,8
PH WHO SPICE PANCH PURAN PP 100g,8
GH WATANA WHITE 200g,8
SANGIS KITCHEN BLACK SALT PP 200g,8
RCE BOILED USNA SHRBT STD LOOSE,8
MINIKET STANDARD BOILED RICE LOOSE,8
RICE CHINOR LOOSE,8
GH BASMATI RICE STANDARD 5kg,8
GH RAW RICE RED 1kg,8
GH MASOOR DESI 500g,8
GH WHO SPICE MUSTARD DAL 200g,8
RICE AMBAMOHAR STD NEW LOOSE,8
GH POWDER SPICE BLACK PEPPER PP 200g,8
BN20RAW RICE LOOSE,8
GH POHA THICK 2K,8
RICE KOLAM PREMIUM LOOSE,8
DESI ATTA COM FASTING ASSORTED 4*200g OP,8
AGRIPURE MATTA UNDA RICE 5kg,8
GH DRY FRUIT FRUITS& NUTS 400g GP,8
WATANA WHITE PP 2Kg,8
MAIDA 2Kg,7
TEJ PATTA LOOSE,7
GH DATES DRY 100g,7
WHEAT SHARBATI TOPAZ LOOSE,7
BOILED RICE WHITE GIDDA PREMUM LOOSE,7
WHEATMP LOKWAN RUBY 30Kg,7
AGRIPURE MATTA UNDA RICE 10kg,7
SAGO SMALL LOOSE,7
GH DAGDI CHIWDA POHA 200g,7
RICE KALAM KATI LOOSE,7
RICE INDRANI LOOSE,7
TUR DAL OILY MADHI LOOSE,7
NILGIRIS MILLET RAGI DOSA PP 400g,7
GH FRUIT N NUT ANJEER STANDARD 200g,7
AGRIPURE MATTA VADI RICE 5kg,7
RICE MINI KOLAM STANDARD LOOSE,7
URAD WHOLE 2Kg,7
WH RAJMA KASH RED BIG LOOSE,7
MASOOR DAL SPLIT LOOSE,7
RICE PALAKD MATTA SNG BLD LOOSE,7
PROSO MILLET LOOSE,7
ARWA KATARNI PREMIUM LOOSE,7
GH RICE BASMATI KHICHARI PP 5kg,7
BOILED RC N SANKAR PREM LOOSE,7
KISMIS PREMIUM LOOSE,7
GOLDEN HARVEST ALMOND BLISTER 400g,7
GH RICE (BOILED) LAXMI BHOG PP 5kg,7
DRY FRUIT AMALA SWEET LOOSE,7
GH RR DAL MAKHNI KIT PP 135g,7
BOILED BALAMI RICE LOOSE,7
GH DAILY RAVA/SUJI CHIROTI 500g,7
GH WHO SPICE GONDH DINK 50g,7
WHEAT ATTA SAMPOORNA PP 5Kg,7
SARVOTAM ECONOMY LOOSE,7
RICE PONNY BOILED REGULAR LOOSE,7
KARMIQ GOLDEN GRACE DFT GIFT BX 200g,7
BOILED RC CHNKL PETTU SNG LOOSE,7
GH WHO SPICE DHANIA LOCAL PP 200g,7
ATTA WHOLE WHEAT LOOSE,7
AGRIPURE RICE BOILED MINIKET 10Kg,7
GH RICE AMBEMOHAR PP 5kg,7
GH DAILY TUR DAL RATIO 5K,7
BOILED RICE JAYA DOUBLE LOOSE,7
GH BOILED RICE SELLA DESH 25Kg,7
GH SONA MASOORI RICE PREMIUM BG 25Kg,7
GH WHO SPICE GARAM MSL 25g,7
GH RAGI WHOLE 5kg,7
GH POHA MAKAI PP 200G,7
GOLDEN HARVEST GURBANDI GIRI 100g,7
KARMIQ RSTD & SALTED MIXED NUTS JR 750g,7
GH SONA MASOORI RICE STANDARD BG 25Kg,7
RED CHANA PP 2Kg,7
GH BASMATI RICE HAR ROJ MOGRA 25kg,7
BASMATI RICE TUKDA LOOSE,7
GH BASMATI GOVINDBHOG SUPREME 5kg,7
KAJU CHILKA LOOSE,7
GH RICE KOLAM SUPREME 25Kg,7
GH PONNI RAW RICE SUPREME BG 25Kg,7
LACHKARI KOLAM RICE,7
NILGIRIS FLAX LINSEED POWDER 180g,7
DRY FRUIT KAJU SALTED WHO LOOSE,7
BLACK KISHMIS LOOSE,7
MASOOR WHOLE BLACK 500g,7
EKTAA SABUDANA NYLON PP 500g,7
GH CHANA RED BIG 1K,7
GH RR NAVRATNA DAL KIT PP 100g,7
GH SONA MASOORI SINGLE POLISH RICE 5Kg,7
GH RICE RASOI KI RANI PP 5kg,7
GH RAJMA CHAKROTA DISCO PP 500g,7
SANGIS KITCHEN MUSTARD SMALL PP 100g,7
GH ALMONDS 450g + 0.05g SAFFRON GP,7
PH RAJMA CHITRA PP 500g,7
SAUNF SMALL LOOSE,7
GH GROUNDNUT RED PP 1kg,7
CHANA RED SMALL LOOSE,7
GH PONNI BOILED RICE STD 20Kg,7
MOTHER EARTH WHOLE WHEAT CHAKKI ATTA 1kg,7
GOLDEN HARVEST KISHMIS BLISTER 450g,7
SHAHI JEERA LOOSE,7
RICE BASMATI NEW DUBAR LOOSE,7
GH MATTA SINGLE BOILED RICE 20Kg,7
RATNA SUPREME BOILED RICE LOOSE,7
PH WHO SPICE WHITE TIL PP 100g,7
GOLDEN HARVEST CASHEW 4P 500g,7
SOYA CHUNK LOOSE,7
NYLN TIL LOOSE,7
GH DAILY MAIDA 500g,7
GH RICE BPT PP 5kg,7
BARBATI LOOSE,7
RICE BASKATI PREMIUM LOOSE,7
DAILY SONA MASOORI RICE LOOSE,7
PH MOONG WHOLE GREEN PP 1Kg,7
INDRAYANI KANI RICE BG 20Kg,7
URAD CHILKA 1Kg,7
GH POP CORN SEEDS PP 200g,7
KAIMA RICE STD LOOSE,7
SMALL MUSTD LOOSE,7
GOLDEN HARVEST HAZELNUT 100g,7
GH SONA MASOORI RICE PREMIUM BG 10Kg,6
BIG SAUNF LOOSE,6
GH WHO SPICE TAMARIND CUBE 500g,6
RICE BORA PREMIUM LOOSE,6
RICE MASOORI NEW LOOSE,6
GH JAGGERY CUBES 500g,6
SANGIS KITCHEN SAMBHAR MASALA BX 100g,6
RICE BASMATI DOON PREMIUM LOOSE,6
GH RAW RICE KATARNI PREMIUM 5kg,6
RICE DEHRADUN AKHA LOOSE,6
GH RR LEMON RICE KIT PP 135g,6
RICE BOILED SELLA DESH LOOSE,6
GEV KRISHNA BHOG RICE LOOSE,6
RICE DUDHMALI PARIMAL LOOSE,6
RAW RICE NEW NASIK GHOTI LOOSE,6
PONNI RAW RICE SUPREME LOOSE,6
EKTAA SOYA WADI PP 1Kg,6
WHEAT KOTA FARMI 1482 LOOSE,6
BUSTAAN MUSK MELON SEEDS 100g,6
GH DRY FRUIT MIXED 300g,6
MOTHER EARTH MOONG WHOLE GREEN PP 1Kg,6
AGRIPURE SUREKHA RICE 5kg,6
RED STM CHIL LOOSE,6
GOLDEN HARVEST TARBUJ SEED 50g,6
GH JAGGERY CUBE 500g,6
INDRAYANI RICEBG 20Kg,6
PUNJAB BASKATIBOILED RICE LOOSE,6
GH LAPSI DALIA SMALL 1kg,6
WADA KOLAM RICEPP5Kg,6
PONNY RAW RICE STANDARD LOOSE,6
GH DAILY OTH PULS MASOOR DAL PREMIUM 2k,6
GOLDEN HARVEST CASHEW BROKEN PP 200g,6
COP LOOSE BOILED RICE SUREKHA STD LOOSE,6
GH MAIDA PP 5Kg,6
PANCH PHORN LOOSE,6
GH SAGO SMALL 200g,6
GH DRY FRT 4 GIFT BOX 160g,6
MASOOR MALKA RED 1Kg,6
GH WHO SPICES RADHUNI 100g,6
KARMIQ MAJESTIC CLBRTN DFT GIFT BX 280g,6
GH DAILY RAVA BOMBAY 500G,6
GH OTH FLOUR SATTU 500g,6
GH RR PANCHRATNA DAL KIT PP 95g,6
BASMATI RICE ASIANA LOOSE,6
GH JUWAR PREMIUM 500G,6
MOTH MATKI PP 2Kg,6
GH R&S PISTACHIOS 350g+0.05g SAFFRON GP,6
RAW RICE HAND POUND LOOSE,6
GH DAILY MASR PRM+MNG M S+CHN ST500g OP,6
SHAKARCHINI RICE LOOSE,6
RAW RICE PREMIUM IR8 LOOSE,6
GH DAILY TUR DAL SUPREME 500g,6
RICE LOVELY SILKY LOOSE,6
COP LOOSE BOILED RICE CHERUMANI DOUBLE,6
NILGIRIS GINGELLY OIL PP 500ml,6
GH JAGGERY CUP 800g,6
DAILY IDLY RICE LOOSE,6
RAJABHOGAM RICE LOOSE,6
GH DAILY URAD DAL CHILKA 200g,6
TUR DAL LATUR LOOSE,6
PH MOONG WHOLE GREEN PP 500g,6
KARMIQ ROYAL TREASURES DFT GIFT BX 400g,6
GH CHIWDA THIN 1kg,6
BOILED RICE DOPPI SINGLE LOOSE,6
GH BANDHANIHINGBT 25G,6
NILGIRIS MILLET RAGI IDLI PP 400g,6
MOONG CHILKA 500g,6
GH RICE RASOI KI RANI PP 2kg,6
SANGIS KITCHEN CHOLE MASALA BX 50g,6
RICE CHAWAL MANI LOOSE,6
GH POHA THIN PP 2kg,6
GH WHO SPICE WATERMELN SEED 50g,6
KHUSKHUS LOOSE,6
GH DAILY RAVA/SUJI 2Kg,6
SANGIS KITCHEN GARAM MASALA BX 100g,6
GH GRAM WHITE DOLLAR 500g,6
GH POHA MAKAI FVR 500G,6
RICE GUJRAT KOLAM LOOSE,6
GH SONA MASOORI RICE ECONOMY BG 10Kg,6
EKTAA BHUNA POHA/SIKA CHIWRA 400g,6
BUSTAAN KINGDOM OF DATES KHIDRI 300G,6
PH OTH PULSE FUTANA FRIED 500g,6
GOLDEN HARVEST KHARBUJ SEED 50g,6
RICE KOLAM HMT SILKY LOOSE,6
BASMATI MOGRA RICE BG 10Kg,6
PONNI RICE DELUX  LOOSE,6
GH WHO SPICE DAGAD PHOOL 50g,6
GH WHEAT BROKEN 1K,6
RICE JAYA BOILED LOOSE,6
DESI ATTA CO BAJJI BONDA MIX PP 200g,6
GH MASOOR DAL BADI 200g,6
YELLOW MUSTD LOOSE,6
EKTAA SOYA CHUNKS GRANULES PP 200g,6
COPU RAW RICE NEW SURTI KOLAM BAG 25Kg,6
RICE SONA MASOORI ROYAL LOOSE,6
GH SPICE WHO CHILLI BEDGI 100g,6
GH POWDER SPICE CUMIN PP 200g,6
CHANA KABULI DOLLAR 1Kg,6
CHAWLI RED LOOSE,6
GH MATTA AVAL 500g,6
RICE BASMATI MOGRA LOOSE,6
GOLDEN SELLA DUBAR LOOSE,6
PINENUT SHELLED LOOSE,6
EKTAA JAGGERY CARDAMOM JR 250g + 50g,6
GH PONNI BOILED RICE PREMIUM BG 10Kg,6
SANGIS KITCHEN SAMBHAR MASALA BX 50g,6
SANGIS KITCHEN RAJMA MASALA BX 50g,6
GH RICE RAW INDRAYANI 10kg,6
RICE BASMATI DELHI LOOSE,6
SARVOTAM REGULAR LOOSE,6
RAW RICE CHAMBA LOOSE,6
GH ADDTI & ORG STAP SOY CHUKS 500G,6
GOLDEN HARVER RAJRANI RICE 5kg,6
GH WHO SPICE KARLA 100g,6
GH SUGAR MEDIUM 1Kg,6
CHILEAN WALNUT LOOSE,6
GH MNG STD+RJM JMU+CHANA RD COMBI,5
IMPORTED TOOR DAL LOOSE,5
GRN CARDAMM LOOSE,5
MIRYALGUDA SONA MASOORI RICE LOOSE,5
DATES DRY LOOSE,5
GH RAGI WHOLE 500G,5
RAMPAL JOHA RICE BG 25Kg,5
GH KAB CHN500+R CHN500+WH WATN500g,5
WALNUT WHOLE LOOSE,5
GH RR MEXICAN RICE KIT PP 120g,5
BUSTAAN WATER MELON SEEDS 100g,5
BADAM MAMRA LOOSE,5
GH DAILY OTH PULSE CHANA DAL PREM 200g,5
KARMIQ RSTD & SALTED MIXED NUTS JR 350g,5
OTH CEREL AVALAKHI MEDIUM LOOSE,5
RICE SAFRI BOILED LOOSE,5
URAD GUNDU PREMIUM PP 500g,5
PONNY RAW RICE SUPREME LOOSE,5
URAD WHOLE 1Kg,5
DRY FRUIT CRANBERRY LOOSE,5
NILGIRIS MILLET RAVA DOSA PP 400g,5
SANGIS KITCHEN TEA MASALA BX 5,5
GH SONA MOONG DAL PP 500g,5
SANGIS KITCHEN TEA MASALA BX 10,5
GH GROUNDNUT RED PP 500g,5
TUR DAL KORI STD LOOSE,5
KARMIQ PURE OPULENCE DFT GIFT BX 600g,5
SANGIS KITCHEN CHAAT MASALA BX 100g,5
APRICOT WHOLE LOOSE,5
CHANA MAUSAMI PP 1Kg,5
Jeera 100g,5
Besan 1kg,5
KARMIQ DRIED CRANBERRIES PP 200g,5
WHEAT SIHORE BG 10Kg,5
GH KURMURA BASMATI 200g,5
GH JAGGERY CUP 400g,5
GH DAILY BESAN PP 2kg,5
GH DAILY RAVA BOMBAY 2KG,5
KITCHEN KHAJANA RICE LOOSE,5
GH RAJMA CHITRA WHITE 200g,5
BADIYAN LOOSE,5
GOLDEN HARVEST PISTA BLISTER 320g,5
KARMIQ BLACK SEEDLESS RAISIN PP 200g,5
RICE MOUNTAIN LOOSE,5
AGRIPURE RICE SONA MASOORI STANDRD 10Kg,5
GH BASMATI KRT BROKEN 25Kg,5
GH MASALA MOORI 100G,5
BASMATI RICE TUKRA BAG 25Kg,5
SANGIS KITCHEN GARAM MASALA BX 50g,5
GH CHIWDA THIN 500g,5
RED CHILLI LOOSE,5
GH KURMURA ROUND 200g,5
SANGIS KITCHEN PAV BHAJI MASALA BX 50g,5
ZINI KOLAM RICE LOOSE,5
SANGIS KITCHEN PAV BHAJI MASALA BX 100g,5
GH DAILY OTH PULSE MATAR DAL 500g,5
JAIPHAL LOOSE,5
NEW RICE IDLI PREMIUM LOOSE,5
CHANA MAUSAMI PP 500g,5
GH FRUIT N NUT IMLI CNDY PP 100g,5
AJWAIN LOOSE,5
GH DRY COCONUT WHOLE PP 200g,5
MOONG WHOLE GOTA LOOSE,5
KALI MOOCH BROKEN LOOSE RICE,5
DRY FRUIT KAJU STANDARD LOOSE,5
GH CHIWDA THICK 1kg,5
RICE JERASAL Z LOOSE,5
WHEAT DARA BAG 10KG,5
Dry Ginger 50g,5
SANGIS KITCHEN RAJMA MASALA BX 100g,5
SANGIS KITCHEN DESICHINESE MASALA BX50g,5
SELLA PRM LOOSE,5
SONAM RAW RICE LOOSE,5
KARMIQ ROASTED SLTD SNFLWR SEEDS BT 100g,5
GH WHO SPICE GARAM MSL 50g,5
MASOORI RICEBG 20Kg,5
GH JAYA BOILED RICE PREMIUM 20Kg,5
GH CHIWDA THICK 500g,5
GH ASSAM JOHA RICE BAG 5Kg,5
EKTAA JAGGERY CANDY JR 500g,5
RICE BASMATI NEW MOGRA LOOSE,5
GH PONNI BOILED STANDARD RICE BG 10Kg,5
BSMT RICE MINI MOGRA BG 20Kg,5
KARMIQ ILLUMINATI DFT GIFT BX 600g,5
GOLDEN HARVEST INSHEL GOLA BADAM PP 400g,5
GH RAJABHOGAM RICE BG 25Kg,5
GH AMARA 200g,5
LITTLE MILLET LOOSE,5
GH WHO SPICE GUNDU CHILLI 200g,5
GH CHANA DAL BADI 200g,5
MOTHER EARTHJAGGERYPOW ORGANIC PP 500g,5
GOLD WINNER VANASPATI PP 1L,5
GH DAILY TUR DAL WHOLE 500g,5
1121 RAW TIBAR BASMATI RICE LOOSE,5
GH IDLI RICE PREMIIUM 5kg,5
GOLDEN HARVEST ALMOND SANORA PP 200g,5
SHREE RAM RAW BROKEN,5
SUGAR CANDY BIG LOOSE,5
GH RICE MASOORI PP 2kg,5
RAW RICE KOLAIGAON AIZWAN LOOSE,5
GOLDEN HARVEST KISMIS AFGAN 500g,5
DESI ATTA RAGI ATTA PP 1Kg,5
BOILED RICE PONNY SUPR LOOSE,5
DRY FRUIT KHARIK YELLOW LOOSE,5
GH WHO SPICE NAKESHWAR 50g,5
BASMATI RICE PUSA BASMATI LOOSE,5
NILGIRIS LINSEED POWDER JAR 250g,5
GH BARBATI 500g,5
GH SUGAR SMALL 1Kg,5
MOTHER EARTH CHANA DAL PP 1Kg,5
AGRIPURE RICE SONA MASOORI PREMIUM 10Kg,5
GH RICE BOILED LAXMI BHOG PP 2kg,5
GH GROUNDNUT INSHELL ROASTED PP 500g,5
KALIDARAKH WITH SEED LOOSE,5
KARMIQ MUNCHIES CASHEW PERI PERI 25g,5
GH POW SPICE KODAMPULI 100g,4
RICE HYDRABADI DUM BIRYNI LOOSE,4
GH JAI SHRI RAM RICE 1 Kg,4
GH RAW RICE SONAM 25Kg,4
GH PRIME SONA MASUR CHATI DAL PP 500g,4
GH RAW RICE JIRASAR PP 5kg,4
KABULI CHANA NEW LOOSE,4
EKTAA JAGGERY POWDER CN 350g +70g OP,4
SANGIS KITCHEN MOTIELAICHI WHOLE PP 25g,4
MOTHER EARTH SONA MASOORI BROWN RICE 1Kg,4
NILGIRIS KODO MILLET VARAGU PP 500g,4
RICE BASMATI TILDA CHAMAK LOOSE,4
Kaju 320 Cnt .,4
GH RICE RAJ RANI KATTA 25kg,4
GH PONNI STEAM RICE DELUXE BG 10Kg,4
GH RR PUNJABI DAL KIT PP 95g,4
AGRIPURE SONA MASOORI CLASSIC RICE 25Kg,4
COP LOOSE BOILED RICE ROSE DOUBLE UNDA,4
COPU JEERASAR REGULAR RICE BAG 25Kg,4
LONG GRAIN RICE BG 25Kg,4
Rajma White 200g,4
TUR DAL WHOLE LOOSE,4
GH WHO SPICE GUNTUR CHILLI 200g,4
WHEAT SHARBATI C AMRIT LOOSE,4
RED CHILLY CASHEW LOOSE,4
GH KALIMUCH RICE 5Kg,4
SANGIS KITCHEN PERI PERI MASALA BX 50g,4
GH BOILED RICE LAXMIBHOG 25kg,4
BOILED RC CHERUMANI DOUBL LOOSE,4
REGULAR PONNI RICE PP 25Kg,4
GH SONA MOONG DAL PP 1Kg,4
DALIYA 500g,4
BOILED RICE DUBAR LOOSE,4
GH RICE BASMATI HARROJ PP 5kg,4
DRIED AMLA LOOSE,4
GH KURNOOL RICE PREMIUM 5Kg,4
DHANA LOOSE,4
KAIMA RICE PREM LOOSE,4
GH RICE BASMATI HARROJ PP 2kg,4
GH RICE (BOILED) MUGHALI BIRYANI PP 2kg,4
GH DAILY URAD DAL MOGRA 500g,4
GUJARAT 70 SONAM LOOSE,4
COP RW RICE KALI MUCH STANDARD LOOSE,4
RICE CHULMANI LOOSE,4
GH CHANOLI 1K,4
CHILLI BYADAGI STEM LOOSE,4
RICE STEAM STANDARD LOOSE,4
KRT BROKEN RICE BG 25Kg,4
KAJU BROKEN SMALL LOOSE,4
KARMIQ MUNCHIES ALMOND PERI PERI PP 25g,4
NILGIRIS QUINOA SEEDS GLUTEN FREE 500g,4
GH RAW RICE HMT KOLAM REG 25K,4
KOSH OATS ATTA PP 500g,4
NILGIRIS APRICOT OIL BT 50ml,4
MOTHER EARTH MOONG DAL PP 1Kg,4
BOILED RICE N SANKAR STD LOOSE,4
JAVETRI LOOSE,4
GH RICE SURTI KOLAM PREMIUM 5Kg,4
GH WHO SPICE DHANADAL PP 500g,4
RICE BASMATI NEW TIBAR LOOSE,4
MAKKA MAIZE LOOSE,4
GH DAILY TUR P+MASOOR P+CHANA P 500g OP,4
SANGIS KITCHEN CASSIA WHOLE PP 25g,4
GH DIAMOND SUGAR CANDY 200g,4
RICE TIBAR BOILED LOOSE,4
GH LAPSI DALIA BIG 1kg,4
GH PONNI RAW RICE PREMIUM BG 25Kg,4
GH OTH FLOUR SATTU PP 2kg,4
MINIKET POPULAR RICE BG 25Kg,4
GH WHO SPICE LIMBU PHOOL 100g,4
GH JAGGERY BUCKET PP 950g,4
GH DIAMOND SUGAR CANDY 100g,4
GH RICE WADA KOLAM SUPREME 25kg,4
RICE 521 PAUNIA ROYAL LOOSE,4
GHPR SONA MASUR CHATI DAL PP 1Kg,4
RICE GIDDA REGULAR LOOSE,4
BYADGI CHILI LOOSE,4
EKTAA RED POHA PP 500g,4
GH RR BISI BELE BATH KIT PP 135g,4
RICE RAICHUR NEW SM LOOSE,4
KURNOOL SONA MASOORI RICE LOOSE,4
KALI MOOCH RICEBG 20Kg,4
RICE PARI SUPREME LOOSE,4
GH JAGGERY POWDER PP 1kg,4
GH DAILY NAVRANG DAL PP 500g,4
ARWA SONACHUR STD LOOSE,4
WHEAT CHAKKI MP SHARBATI LOOSE,4
GH SABUDANA BIG 200G,4
FRESH & PURE SUNFLOWER RFND OIL TN 15L,4
BSMT TAJMAHAL RICE BG 20Kg,4
AGRIPURE RICE SONA MASOORI CLASSIC 10Kg,4
NILGIRIS FLAX LINSEED 200g,4
BASMATI RICE REGULAR NEW LOOSE,4
GH POHA NYLON 200g,4
GH JAGGERY POWDER PP 500g,4
KOLLA RICE STD LOOSE,4
EATING SODA LOOSE,4
GH POW SPIC RED CHIL+TURM+CORNDR 600g OP,4
GH DAILY PLS MOONG DAL KHICHDI MIX 500g,4
GH RR SAFFRON RICE KIT PP 190g,4
RICE SELLA BASMATI MINI MOGRA LOOSE,4
GH ASSAM JOHA RICE BAG 2Kg,4
RAW RICE BERPETA AIJAN LOOSE,4
Mustard Small 100g,4
GH JAGGERY BUCKET PP 450g,4
GH DAILY RAVA IDLI 2KG,4
NILGIRIS MILLET MASALA UPMA PP 140g,4
MOTHER EARTHFLAXSEEDS PP 100g,4
WHEAT SIHORE C LOOSE,4
GH DAILY OTH PULSE MATAR DAL 1K,4
URAD DAL SUPREM LOOSE,4
GH WHO SPICE GUNTUR CHILLI 500g,4
URAD GUNDU PREMIUM PP 1kg,4
GH SABUDANA PP 2kg,4
GH POWDER SPICE DRY GINGER PP 200g,4
JEERA SAMBA STANDARD RICE LOOSE,4
GOLDEN HARVEST ALMOND SANORA PP 100g,4
AGRIPURE RICE SONA MASOORI SUPREME 10Kg,4
ARWA KATARNI STANDARD RICE BG 25Kg,4
GH RAW RICE JEERASAR 10kg,4
KARMIQ ROASTD SLTD PUMPKIN SEEDS BT 100g,4
RICE NEW SONA MASOORI PRM LOOSE,4
EKTAA PAPER POHA/ POHA THIN PP 500g,4
POW SPICE RED CHILLI LOOSE,4
MASOOR MALKA RED 500g,4
GH WHO SPICE GUNDU CHILLI 500g,4
GOLDEN HARVEST SHAKKAR CHINI RICE 5kg,4
MOONG DAL KORI LOOSE,4
GHPR SONA MOONG DAL PP 1Kg,4
GH DAILY TOOR S500g+MNG S500g+CHNA S500g,4
GH KURNOOL RICE PREMIUM 1Kg,4
GH BHAGAR 200g,4
Turdal Prm 500g,4
GH WHO SPICE WHITE TIL 1Kg,4
GH HMT RICE 1Kg,4
CHINNOR PREMIUM LOOSE,4
AGRIPURE RICE BOILED RATNA 10Kg,4
BASMATI RICE MOGRA BG 20Kg,4
GH SLICED ALMONDS JR 95g,4
SANGIS KITCHEN TANDOORI MASALA BX 100g,4
AGRIPURE SONA MASOORI STANDRD RICE 25Kg,3
KARMIQ TRAIL MIX PP 200g,3
GH CHANOLI 500g,3
KARMIQ GRN AFGHAN RAISIN PP 200g,3
GH URAD DAL GUNDU PREM 500g,3
GH WHO SPICE JAVAS PP 200g,3
BALAMI RICE BG 25Kg,3
COPU JEERASAR PREMIUM BAG 25Kg,3
GH WHO SPICE JAVAS 100g,3
RICE KURUVA DOUBLE BOILED LOOSE,3
GH RAW RICE RAMPAL SUNFLOWER 25Kg,3
STEAM KOLAM RICE BG 20Kg,3
RICE SONA MASORI POPULAR STEAM LOOSE,3
WHITE MATAR LOOSE,3
RAW RICE SONA MASORI SPR LOOSE,3
KASHM CHILLI LOOSE,3
BOILED RICE REGULAR LOOSE,3
GH GOBINDO BHOG SUPREME 25k,3
GH COUNTRY SUGAR PP 500g,3
SONA MASOORI STEAM STD LOOSE,3
KARMIQ MUNCHIES CASHEW SEA SALT&PPR 25g,3
BOILED KOLAM LOOSE,3
GHPR SONA MASUR CHATI DAL PP 500g,3
MUSTARD LOOSE,3
PH BASMATI EVERDAY LOOSE,3
BUSTAAN WHOLE PUMPKIN GREEN SEEDS 100g,3
CHANA RED NEW LOOSE,3
Dhaniya 200g,3
GH BOILED RICE MINI KET STD 25k,3
USNA SHARBATI STANDARD RICE BAG 25Kg,3
KARMIQ MUNCHIES ALMOND CHAT MASALA 25g,3
BOILED RICE ASIANA BAG 25kg,3
GOLDEN HARVEST CASHEW REGULAR PP 1Kg,3
RICE SAKKAR CHINI25Kg,3
KARMIQ BERRY MIX PP 200g,3
GH DAILY OTH PULSE PEAS DAL 500g,3
URAD WHOLE 500g,3
RICE PARI STARDARD LOOSE,3
PALM JYOTHI PALMOLEIN OIL PP 1L,3
Urad Round Prm 2kg,3
SONAM RICE BG 25Kg,3
KARMIQ MUNCHIES CASHEW CLASSC CHEESE 25g,3
GUJRAAT JEERASAR NEW LOOSE,3
Khus Khus 50g,3
RAW RICE IDLI BROKEN LOOSE,3
GH RAW RICE SHREE AIJAN 25Kg,3
GH BOILED RICE BASKATI 5Kg,3
RASMALAI PREM JAGGERY PP 900g,3
WHT CARDAMM LOOSE,3
FB SIS PLAIN DRY FRUITS 2,3
GH MASUR DAL CHANTI PP 1Kg,3
GH PALM JAGERRY 400g,3
FB WHO SPICE OREGANO LOOSE,3
SUNFLOWER RAMPAL RICE BG 25Kg,3
GH AVALAKHI THIN 500g,3
HYDRABADI BIRYANI RICE BG 25Kg,3
BUSTAAN WHO SPC BROWN FLAX SEEDS 100g,3
PHOOL KOKAM LOOSE,3
GH BOILED RICE MINI KET SUP 25kg,3
Surti Kolam (Lachkari) 5 kg,3
JEERASAR STANDARD BAG 25Kg,3
KARMIQ MUNCHIES ALMOND CLASSI CHEESE 25g,3
GH POHA AVALAKKI MEDIUM 500G,3
NILGIRIS PONNI RAW RICE PREMIUM 20kg,3
TOOR DAL LOOSE,3
GH SUREKHA BOILED RICE PREMUM 20Kg,3
HMT KOLAM RICE BG 20Kg,3
GH CRYSTAL DRY FRUIT GIFT BOX 270g GP,3
GH RICE RAVA PP 500g,3
GH DAILY RAVA/SUJI CHIROTI 1Kg,3
Ragi 1kg,3
KALI MUCH STANDARD RICE BG 25Kg,3
OPP KOLAM KANNI RICE LOOSE,3
SADHU AIJAN RICE BG 25Kg,3
GOLDEN HARVEST CASHEW 200g+KISMS 200g+AL,3
GH DAILY NAVRANG DAL PP 1kg,3
GH JAI SHRI RAM RICE 5 Kg,3
RICE PONNY BOILED STD LOOSE,3
ARWA SONACHUR PREMIUM RICE BG 25Kg,3
SANGIS KITCHEN CHAAT MASALA BX 50g,3
GH DRY COCONUT WHOLE PP 500g,3
URAD CHILKA 500g,3
Coconut Powder 200g,3
WHEAT SHARBATI D LOOSE,3
SONA MASOORI RICEBG 20Kg,3
GH PONNI RAW RICE SUPREME BG 10Kg,3
KOLLA RICE PREM LOOSE,3
GH RAW RICE SOLTY RAMPAL 25kg,3
SANGIS KITCHEN CLOVE WHOLE PP 25g,3
NILGIRIS MILLET LEMON POHA PP 140g,3
GH THENAI 500G,3
GHD WHO SPICE MONOSODIUM GLUTAMATE 100g,3
VADI MATTA DOUBLE BOILED RICE LOOSE,3
SALTED ALMOND LOOSE,3
COP UNBRANDED KALIMUCH RICE BG 5Kg,3
RICE KALI MUCH BG 25Kg,3
BUSTAAN RAISIN BLACK SEEDLESS 250g,3
RICE SADHU BASMATI LOOSE,3
GH SONA MASOORI SINGLE POLISH RICE 1Kg,3
MATAR DAL PREM LOOSE,3
GH DAILY TUR DAL SUPREME 1kg,3
GH CHANA KABULI DOLLER 2k,3
RICE KOHINOOR BASMATI LOOSE,3
GH KURMURA LONG 200g,3
GH KURMURA ROASTED PP 500g,3
GH BOILED RICE PP 1kg,3
SURTI KOLAM RICE BG 20Kg,3
GH PONNI RAW RICE PREMIUM BG 10Kg,3
MASOORI SPECIAL RICE BG 25Kg,3
GH HAND POUND RICE 5Kg,3
GH SOYABEAN 1K,3
SANGIS KITCHEN FISH MASALA BX 100g,3
RICE RAAJ RANI 25Kg,3
Kabuli Chana Small 500g,3
GH DRY FRUIT KHARIK POWDER 200G,3
GH DAILY RAVA BOMBAY 1KG,3
RAGI STD LOOSE,3
Turdal Prm 2kg,3
GH PONNI BOILED RICE 5Kg,3
RICE MAMA BHANJA DUBAR/MOGRA LOOSE,3
GH PONNI RAW RICE STANDARD BG 10Kg,3
RICE BOILED CHAMARMANI LOOSE,3
COPU RAW RICE WADA KOLAM BAG 25Kg,3
GHD RAW RICE MATTA BROKEN 1kg,3
GH PONNI RAW RICE STANDARD BG 25Kg,3
GH KURUVA BOILED RICE 20Kg,3
FRESH & PURE GROUNDNUT OIL JR 5L,3
BUSTAAN KINGDOM OF DATES DEGLET 300G,3
GH RICE BPT PP 2kg,3
GH DAILY TUR DAL RATIO 1K,3
COP LOOSE RICE KURUVA DOUBLE BOILED STD,3
FUTANA FRIED LOOSE,3
RAW RICE SONA MASOORI NEW LOOSE,3
RICE SONA MASOORI DIAMOND LOOSE,2
DRY AAM PAPAD LOOSE,2
RICE RAJAKAYANI LOOSE,2
DRIED CHERRY LOOSE,2
Bajra 500g,2
KARMIQ ROASTED NUTS & BERRY MIX BT 100g,2
PH OTH PULSES CHANA RED LOOSE,2
MINIKET STANDARD RICE BG 25Kg,2
GH RAJMA JAMMU MARWAH PP 500g,2
CHANA DAL NEW LOOSE,2
URAD WHITE STD LOOSE,2
ARWA KATARNI PREMIUM RICE BG 25Kg,2
KALI MUCH MOGRA RICE,2
Jowar 500g,2
PLAIN PISTACHIOS LOOSE,2
RICE ATTA LOOSE,2
GH DRY FRUIT DF GIFT BOX 300g GP,2
GH CHAWLI RED 200g,2
Channa Dal PRM 500g,2
FB SIS PLAIN DRY FRUITS,2
GH OWS SANKRANTHI MIX PP 200g,2
GH DAILY SPLIT URAD DAL VAC 500g,2
PUNJAB BASKATI RICE BG 25Kg,2
MINIKET POPULAR RICE 10Kg,2
KARMIQ SALTED MIX PP 200g,2
DRIED GINGER LOOSE,2
SNFLW SEED SHELED LOOSE,2
FB SIS WHO SPICE PANDI CHILLI LOOSE,2
BASMATI KRT PREMIUM BAG 25Kg,2
BUSTAAN KINGDOM OF DATES MAZAFATI 300G,2
FRYMS PAPAD ROUND LOOSE,2
Bombay Rawa/Suji 500g,2
RICE PONNI RAW ECONOMY LOOSE,2
GH RAW RICE HMT PREMIUM 5kg,2
Maida PRM 1kg,2
Coconut Powder 100g,2
TUR DAL AKOLA LOOSE,2
CHOCOLATE CASHEW LOOSE,2
RATNA SUPREME RICE BG 25Kg,2
RICE DEHRADUN MINI LOOSE,2
Turdal STD 1kg,2
RICE DB PREMIUM LOOSE,2
SUGAR CANDY SMALL LOOSE,2
BOILED RICE CHEAP N BEST BAG 25Kg,2
1014RAW RICE BG 25Kg,2
GH BOILED RICE MINI KET 5Kg,2
GH AVALAKHI THICK 500g,2
NILGIRIS ROASTED PUMPKIN SEEDS JR 100g,2
GH RAW RICE BPT 25Kg,2
BUSTAAN HAZELNUT 200g,2
RICE MATTA BROKEN LOOSE,2
FRESH & PURE POW SPICE JEERA 100g,2
BUSTAAN KINGDOM OF DATES AJWA 300G,2
DHANIA LOCAL LOOSE,2
GH WHO SPICE BYADGI CHILLI 500g,2
Sona Masoori Popular Rice 25kg,2
SUNTH LOOSE,2
NILGIRIS IDLI KAR RICE PP 1kg,2
AGRIPURE SUREKHA RICE 10kg,2
GH RAW RICE RAMPAL JOHA 25Kg,2
KARMIQ ROASTED SALTED SEED MIX BT 100g,2
HMT PREMIUM RICE BG 25Kg,2
GH PONNI BOILED RICE PREMIUM BG 25Kg,2
AMBEMOHAR RICE BG 20Kg,2
RAW RICE BARPETA AIZWAN LOOSE,2
HMT KOLAM RICE BG 25Kg,2
RAGI WHOLE PP 5kg,2
RAW RICE TULSI JOHA LOOSE,2
SANGIS KITCHEN CHOLE MASALA BX 100g,2
GH RAJMA JAMMU MARWAH PP 1Kg,2
RICE BSMAT NEW MINI DUBAR LOOSE,2
FRESH & PURE SOYABEAN OIL TN 15Kg,2
COP UNBRANDED BAJRA 2Kg,2
FRESH & PURE KCHI GHNI MUSTRD OIL BT 2L,2
RICE NEW BASMAT PULAV PRM LOOSE,2
NILGIRIS IDLI KAR RICE 5KG,2
SUNS ROSTD&LGT SLT MX NUT 150,2
SANGIS KITCHEN DRY ROSE PETALS PP 6g,2
BENGAL JOHA RAW RICE BAG 25Kg,2
SONA MOONG DAL PP 2Kg,2
Sugar S-30 2kg,2
GH CHIRONJIS 100g,2
Rice Flour 500g,2
DRYFRUIT CASHEW 240 LOOSE,2
GH WAL KAJU 500g,2
SHREE RAM BROKEN RICE,2
MUNAKKA KISMIS LOOSE,2
GH MALAR 100G,2
RICE KAJE RED LOOSE,2
COPU JEERASAR STANDARD BAG 25Kg,2
GOUND LOOSE,2
Rajma Red 500g,2
SANGIS KITCHEN BHARWA MASALA BX 50g,2
Table Saunf 100g,2
Jowar 1kg,2
NILGIRIS GHEE PURE PP 1L,2
URAD GUNDU PREMIUM PP 5Kg,2
EKTAA KATARNI CHIVDA CHIRWA POHA PP 500g,2
ROASTED POHA LOOSE,2
GH DRY FRUIT MINI GIFT BOX,2
BPT RICE BG 25Kg,2
KARMIQ GRANDEUR DFT GIFT BOX 1Kg OP,2
SUGAR MEDIUM LOOSE-PROMO,2
RICE GIDDA STANDARD LOOSE,2
LAXMIBHOG RICE BG 25Kg,2
RESHPTI CHIL LOOSE,2
Rice Sona Masuri PRM 25kg,2
DRY FRUIT KAJU SPECIAL LOOSE,2
COP UNBRANDED JAWAR 2Kg,2
FB SIS WHO SPICE CLOVE LOOSE,2
DAILY PONNI RICE PP 25Kg,2
DASH BOILED LOOSE,2
KARMIQ RSTD SLT WATERMELON SEEDS BT 100g,2
RASMALAI GOLD JAGGERY PP 960g,2
Mustard Big 100g,2
BLACK PEPPER CASHEW LOOSE,2
Kalonji 50g,2
GH PANCH MEWA 500g,2
COPU KRISHNA KAMOD NEW BAG 25Kg,2
SOYABEAN WADI LOOSE,2
PUDINA CASHEW LOOSE,2
GH PONNI BOILED RICE STANDARD BG 25Kg,2
Musturd Small 500g,2
Soya Beans 500g,2
PONNY RAW RICE BG 20Kg,2
BASMATI RICE HAR ROJ LOOSE,2
KALIMUCH STANDRD RICE LOOSE,2
GH KAJU STANDARD 100g,2
GH URAD DAL BADI 200g,2
MOONG DAL PP 5Kg,2
GH SUGAR PACK 500g,2
GH DRY FRUIT GIFT BOX 360g GP,2
AGRIPURE RICE GOVINDBHOG 10kg,2
FRESH & PURE DESI GHEE TP 2L,2
RICE BASMT NEW MINI MOGRA LOOSE,2
JOWAR WHOLE PP 5kg,2
Urad Dal Prm 1kg,2
CHINOOR SUGANDHI RICE BG 25Kg,2
Bajra Loose,2
RICE NEW KRISHNA KAMOD LOOSE,2
GH KURMURA KOLHAPURI 500g,2
DUDHESWAR RICE BG 25Kg,2
PEPPER CASHEW LOOSE,2
JAYA DOUBLE BOIL RICE PRM LOOSE,2
GH CHITMUTYALU RICE 1Kg,2
Urad Round PRM 1kg,2
GH DAILY URAD DAL MOGRA 1kg,2
CHANA+WATANA SPROUT MIX PP 500g,2
RICE NEW HMT SUPREME LOOSE,2
Dry Dates 100g,2
DRY FRT PRUNES LOOSE,1
PANEER TIKKA CSHW LOOSE,1
NILGIRIS RAJABHOGAM PRM BOILED RICE 10kg,1
OTH CEREAL DALIYA LOOSE,1
NILGIRIS JEERA SAMBA RICE 5kg,1
EKTAA URAD DAL 1k,1
PINENUT UNSHELED LOOSE,1
Sona Masuri Raw Rice Std 25Kg,1
GHD MUST 200g+JEERA+METHI+PEPPER 300g OP,1
Idly Rice 1kg,1
NILGIRIS RAJABHOGAM PREM BOILED RICE20kg,1
Turdal Std 500g,1
SHREE AIJAN RICE BG 25Kg,1
GHPR SONA MOONG DAL PP 500g,1
WHEAT LOKWAN GUJARAT LOOSE,1
MILLENIUM MIX LOOSE,1
Methi 200g,1
GH SUGAR BHURA 1kg,1
RAW RICE ZAIKA PREMIUM BAG 25kg,1
GH RAJABHOGAM RICE BG 10Kg,1
Kabuli Channa 500g,1
NILGIRIS PONNI RAW RICE 1kg,1
DRYFRUIT PRUNES LOOSE,1
Channa Dal STD 1kg,1
GH DAILY BESAN 1K,1
JEERASAR RICE BAG 10kg,1
PUNJAB BASKATIRICE 10Kg,1
GH WHO SPICE CHILLI GUNDU STD 500g,1
SWARNA BOILED RICE BAG 25Kg,1
Moong Chilka 500g,1
GH ARWA KATARNI PREMIUM 25Kg,1
BOILED RICE KERALA LOOSE,1
GH DOSA RICE PP 1kg,1
SEEDLESS APRICOT LOOSE,1
GOBINDO BHOG SUPREME RICE BG 25Kg,1
BASKATI SUPRME RICE BG 25Kg,1
F&P COTTON SEED OIL REFINED TIN 15Kg,1
Ground Nut 1kg,1
Methi 100g,1
WHEAT SIHORE A NEW LOOSE,1
AGRIPURE PONNI BOILED SUPREME RICE 10Kg,1
BUSTAAN KINGDOM OF DATES SAFAVI 300G,1
SPROUT MIX PP 500g,1
SURTI KOLAM PREMIUM RICE BG 25Kg,1
Channa dal Std 500g,1
H WHO SPICE WHITE PEPPER 50g,1
SALTED PEANUT LOOSE,1
GH RAW RICE SADHU AIJAN 25kg,1
GH BHAGAR VARAI PP 1Kg,1
GH ALSI FLAX SEED 500g,1
IDLY RICE PP 5Kg,1
Cashew Split 200g,1
MAKAI LOOSE,1
RAJMA JAMMU,1
SUNFLOWER RAMPAL RICE 10Kg,1
Mustard Big 200g,1
GH RED WHEAT RAVA PP 500g,1
GH RICE RAVA PP 1kg,1
GH AVALAKHI THICK 1KG,1
Eating Soda 50g,1
GH AVALAKKI THICK 2Kg,1
RAW RICE SILKY KOLAM NEW LOOSE,1
SABUDANA PREMIUM LOOSE,1
Cassia 50g,1
NILGIRIS PONGAL RAW RICE 1kg,1
Dry Copra 200g,1
DRY FRT DRIED KIWI LOOSE,1
SANDUKANI RAISINS LOOSE,1
GH HMT RICE 5Kg,1
Double Beans 200g,1
SANGIS KITCHEN CHIPOTLE MASALA BX 50g,1
SAFFORN CASHEWS LOOSE,1
NILGIRIS PONNI SILKY RICE 1kg,1
GH POW SPICE DRY GINGER 50g,1
COP UNBRANDED HALDI WHOLE 250g,1
GH RICE PULAV 25Kg,1
RICE BASMATI GOLDEN LOOSE,1
KARMIQ MUNCHIES ALMOND SEA SALT&PEPR 25g,1
DAILY PONNI BOILED RICE LOOSE,1
BOILED RICE AIJAN LOOSE,1
GH SAMBA BROKEN WHEAT FINE PP 1Kg,1
RICE GOBINDO BHOG STANDARD LOOSE,1
BENGAL JOHA RICE 10Kg,1
WHEAT LOKWAN EMERALD LOOSE,1
NILGIRIS SONA STEAM RICE 1kg,1
NILGIRIS RAJABHOGAM PREM BOILED RICE 5kg,1
Sago 500g,1
Moong Green 1kg,1
CL TUR DAL STD LOOSE,1
SALTED ROASTED CASHEW LOOSE,1
BUSTAAN SUNFLWER UNSHELL SEEDS 100g,1
NILGIRS RAISANSDRY FRUITS 2*200g OP,1
AGRIPURE PONNI RAW PREMIUM RICE 10Kg,1
GH KAJU BROKEN 100g,1
RICE SONA MASOORI SILKY LOOSE,1
DRIED MANGO LOOSE,1
KITCHEN KHAJANA RICE 25kg,1
LACHKARI SURTI KOLAM MOGRA RICE,1
BASMATI RICE UKDA THIN LOOSE,1
Urad Round Prm 500g,1
LITCHI CASHEW LOOSE,1
FB SIS WHO SPICE JAIFAL LOOSE,1
RICE BOILED TULAI PANJI LOOSE,1
AMERICAN ALMOND SELECTD LOOSE,1
GH RAW BENGAL JOHA 25Kg,1
NILGIRIS SONA MASOORI BOILED RICE PP 1kg,1
BASKATIRICE 10Kg,1
Black Salt 100g,1
Chironji 50g,1
GH ALSI FLAX SEED 200g,1
BUSTAAN CHIA WHITE SEEDS 100g,1
DHANADAL LOOSE,1
RICE SONA MASOORI SUP NO2 LOOSE,1
PANDI CHILLI LOOSE,1
FRESH & PURE GROUNDNUT OIL TN 15L,1
BASMATI SELLA RICE TIBAR LOOSE,1
WADAKOLAM RICE BG 20Kg,1
NILGIRIS  KOLAM RICE 5kg,1
POHA THICK PREMIUM LOOSE,1
MINIKET SUPREME RICE BG 25Kg,1
NILGIRIS NILGIRIS IDLI KAR RICE 2kg,1
