Feature_selector,Drop_correlated_features,Models,Best_params,Cluster_Indicator,Damping_cluster_value,Number_features,Features,Outlier_handling_method,Feature_scaling_handled,Outer_fold,rmse_inner_train_cv,rmse_inner_val_cv,rmse_outer_val_cv,mean_ae_inner_train_cv,mean_ae_inner_val_cv,mean_ae_outer_val_cv,median_ae_inner_train_cv,median_ae_inner_val_cv,median_ae_outer_val_cv
Lasso,no,HuberRegressor,"{'alpha': 7.519037713692472e-06, 'epsilon': 1.970118760438141, 'fit_intercept': True, 'max_iter': 10000, 'tol': 1e-05, 'warm_start': False}",15,"['NSU', 'Sales at Cost', 'Gross Sales', 'MRP', 'Fdate_year', 'NSU_mean_Zone', 'NSU_std_Zone', 'NSU_median_Zone', 'Sales at Cost_mean_Zone', 'Sales at Cost_std_Zone', 'Sales at Cost_median_Zone', 'Gross Sales_mean_Zone', 'Gross Sales_std_Zone', 'Gross Sales_median_Zone', 'MRP_mean_Zone']",retained,Standard,1,166.3345301076526,166.12044694213733,143.6883771015203,61.58591183074558,61.66618943195174,56.5350148375078,27.02410706154544,27.18520702088324,27.154609550903466
FeatureImportance_ET,no,HuberRegressor,"{'alpha': 0.00073915529120359, 'epsilon': 1.9566912592974537, 'fit_intercept': True, 'max_iter': 10000, 'tol': 1e-05, 'warm_start': False}",10,"['NSU', 'Sales at Cost', 'Gross Sales', 'MRP', 'Sales at Cost_median_Brand', 'Gross Sales_mean_Brand', 'Gross Sales_median_Brand', 'MRP_mean_Brand', 'MRP_median_Brand', 'Brand_KARMIQ']",retained,MinMax,2,161.80366926321088,161.60163613845623,166.47697914029604,59.72354944902793,59.791825261422524,61.009967883510924,26.108286163522155,26.160338944107508,26.3489077479431
Lasso,no,HuberRegressor,"{'alpha': 7.519037713692472e-06, 'epsilon': 1.970118760438141, 'fit_intercept': True, 'max_iter': 10000, 'tol': 1e-05, 'warm_start': False}",15,"['NSU', 'Sales at Cost', 'Gross Sales', 'MRP', 'Fdate_year', 'NSU_mean_Zone', 'NSU_std_Zone', 'NSU_median_Zone', 'Sales at Cost_mean_Zone', 'Sales at Cost_std_Zone', 'Sales at Cost_median_Zone', 'Gross Sales_mean_Zone', 'Gross Sales_std_Zone', 'Gross Sales_median_Zone', 'MRP_mean_Zone']",retained,Standard,3,161.6555438371291,161.4727913833418,169.41022490817645,60.332546877254714,60.38024332464031,62.38675172030333,26.848826902762344,26.919271805979545,26.332286822037215
Lasso,no,HuberRegressor,"{'alpha': 7.519037713692472e-06, 'epsilon': 1.970118760438141, 'fit_intercept': True, 'max_iter': 10000, 'tol': 1e-05, 'warm_start': False}",15,"['NSU', 'Sales at Cost', 'Gross Sales', 'MRP', 'Fdate_year', 'NSU_mean_Zone', 'NSU_std_Zone', 'NSU_median_Zone', 'Sales at Cost_mean_Zone', 'Sales at Cost_std_Zone', 'Sales at Cost_median_Zone', 'Gross Sales_mean_Zone', 'Gross Sales_std_Zone', 'Gross Sales_median_Zone', 'MRP_mean_Zone']",retained,Standard,4,160.13698147895548,159.91850255752124,175.25334522509135,59.3809412771346,59.46928486247874,64.5054566002842,26.497211253161144,26.593764731327553,26.99540977207102
Lasso,no,HuberRegressor,"{'alpha': 7.519037713692472e-06, 'epsilon': 1.970118760438141, 'fit_intercept': True, 'max_iter': 10000, 'tol': 1e-05, 'warm_start': False}",15,"['NSU', 'Sales at Cost', 'Gross Sales', 'MRP', 'Fdate_year', 'NSU_mean_Zone', 'NSU_std_Zone', 'NSU_median_Zone', 'Sales at Cost_mean_Zone', 'Sales at Cost_std_Zone', 'Sales at Cost_median_Zone', 'Gross Sales_mean_Zone', 'Gross Sales_std_Zone', 'Gross Sales_median_Zone', 'MRP_mean_Zone']",retained,Standard,5,163.58773565471017,163.35950926791335,157.7129234291138,61.196186027987544,61.29584918871259,57.8772347475451,26.66115058252179,26.824754262906144,26.5813975368723
Lasso,no,Ridge,"{'alpha': 0.01869899411757269, 'copy_X': True, 'fit_intercept': True, 'max_iter': None, 'normalize': 'deprecated', 'positive': False, 'random_state': 120, 'solver': 'auto', 'tol': 0.001}",11,"['NSU', 'Sales at Cost', 'Gross Sales', 'MRP', 'Fdate_year', 'NSU_mean_Zone', 'NSU_std_Zone', 'NSU_median_Zone', 'Sales at Cost_mean_Zone', 'Sales at Cost_std_Zone', 'Sales at Cost_median_Zone']",retained,Combine,1,151.2388127218403,151.31949582846252,134.22415104367008,81.12128534150393,81.23450289101636,77.22878631775615,52.70279121056433,52.87522521346839,53.035759311303885
Lasso,no,Ridge,"{'alpha': 0.01869899411757269, 'copy_X': True, 'fit_intercept': True, 'max_iter': None, 'normalize': 'deprecated', 'positive': False, 'random_state': 120, 'solver': 'auto', 'tol': 0.001}",11,"['NSU', 'Sales at Cost', 'Gross Sales', 'MRP', 'Fdate_year', 'NSU_mean_Zone', 'NSU_std_Zone', 'NSU_median_Zone', 'Sales at Cost_mean_Zone', 'Sales at Cost_std_Zone', 'Sales at Cost_median_Zone']",retained,Combine,2,147.51190197677354,147.55238310379585,151.29567497587834,79.37457153558087,79.50708999636417,80.22089083349437,52.03541569930231,52.07825419764074,51.90516614518248
Lasso,no,Ridge,"{'alpha': 0.01869899411757269, 'copy_X': True, 'fit_intercept': True, 'max_iter': None, 'normalize': 'deprecated', 'positive': False, 'random_state': 120, 'solver': 'auto', 'tol': 0.001}",11,"['NSU', 'Sales at Cost', 'Gross Sales', 'MRP', 'Fdate_year', 'NSU_mean_Zone', 'NSU_std_Zone', 'NSU_median_Zone', 'Sales at Cost_mean_Zone', 'Sales at Cost_std_Zone', 'Sales at Cost_median_Zone']",retained,Combine,3,147.38945928407887,147.3944231682144,153.7094802178228,79.0886996654192,79.16589436210553,80.72964095250819,51.689751717218115,51.76609147731736,51.18287895938157
Lasso,no,Ridge,"{'alpha': 0.01869899411757269, 'copy_X': True, 'fit_intercept': True, 'max_iter': None, 'normalize': 'deprecated', 'positive': False, 'random_state': 120, 'solver': 'auto', 'tol': 0.001}",11,"['NSU', 'Sales at Cost', 'Gross Sales', 'MRP', 'Fdate_year', 'NSU_mean_Zone', 'NSU_std_Zone', 'NSU_median_Zone', 'Sales at Cost_mean_Zone', 'Sales at Cost_std_Zone', 'Sales at Cost_median_Zone']",retained,Combine,4,146.27167056764117,146.45046528835306,156.05623564605173,78.05365200998199,78.19764511381818,81.55192897075113,51.175674612478154,51.20910059715147,51.93206495549266
Lasso,no,Ridge,"{'alpha': 0.01869899411757269, 'copy_X': True, 'fit_intercept': True, 'max_iter': None, 'normalize': 'deprecated', 'positive': False, 'random_state': 120, 'solver': 'auto', 'tol': 0.001}",11,"['NSU', 'Sales at Cost', 'Gross Sales', 'MRP', 'Fdate_year', 'NSU_mean_Zone', 'NSU_std_Zone', 'NSU_median_Zone', 'Sales at Cost_mean_Zone', 'Sales at Cost_std_Zone', 'Sales at Cost_median_Zone']",retained,Combine,5,149.05501418664758,149.25810188221502,145.74019368703284,80.23304579669592,80.4143173362253,78.06285142810113,52.02908054366006,52.153389306474764,52.03766879182287
Lasso,no,Lasso,"{'alpha': 0.01869899411757269, 'copy_X': True, 'fit_intercept': True, 'max_iter': 10000, 'normalize': 'deprecated', 'positive': False, 'precompute': False, 'random_state': 120, 'selection': 'cyclic', 'tol': 0.0001, 'warm_start': False}",11,"['NSU', 'Sales at Cost', 'Gross Sales', 'MRP', 'Fdate_year', 'NSU_mean_Zone', 'NSU_std_Zone', 'NSU_median_Zone', 'Sales at Cost_mean_Zone', 'Sales at Cost_std_Zone', 'Sales at Cost_median_Zone']",retained,Combine,1,151.24135214934248,151.3225934868297,134.19923546622562,81.11853857009345,81.23136233662699,77.23114106118634,52.73935464942854,52.8526804565974,52.984836762901466
Lasso,no,Lasso,"{'alpha': 0.01869899411757269, 'copy_X': True, 'fit_intercept': True, 'max_iter': 10000, 'normalize': 'deprecated', 'positive': False, 'precompute': False, 'random_state': 120, 'selection': 'cyclic', 'tol': 0.0001, 'warm_start': False}",11,"['NSU', 'Sales at Cost', 'Gross Sales', 'MRP', 'Fdate_year', 'NSU_mean_Zone', 'NSU_std_Zone', 'NSU_median_Zone', 'Sales at Cost_mean_Zone', 'Sales at Cost_std_Zone', 'Sales at Cost_median_Zone']",retained,Combine,2,147.51445869791934,147.55026057081096,151.3098020034855,79.38566483286621,79.52019253815551,80.22520481700441,52.048818646387815,52.153248778866065,51.911989905412966
Lasso,no,Lasso,"{'alpha': 0.01869899411757269, 'copy_X': True, 'fit_intercept': True, 'max_iter': 10000, 'normalize': 'deprecated', 'positive': False, 'precompute': False, 'random_state': 120, 'selection': 'cyclic', 'tol': 0.0001, 'warm_start': False}",11,"['NSU', 'Sales at Cost', 'Gross Sales', 'MRP', 'Fdate_year', 'NSU_mean_Zone', 'NSU_std_Zone', 'NSU_median_Zone', 'Sales at Cost_mean_Zone', 'Sales at Cost_std_Zone', 'Sales at Cost_median_Zone']",retained,Combine,3,147.3920551663863,147.39647980519112,153.7360487283158,79.09266859798304,79.17155451407316,80.74167253731318,51.74038531286743,51.82556066058592,51.30532714878328
Lasso,no,Lasso,"{'alpha': 0.01869899411757269, 'copy_X': True, 'fit_intercept': True, 'max_iter': 10000, 'normalize': 'deprecated', 'positive': False, 'precompute': False, 'random_state': 120, 'selection': 'cyclic', 'tol': 0.0001, 'warm_start': False}",11,"['NSU', 'Sales at Cost', 'Gross Sales', 'MRP', 'Fdate_year', 'NSU_mean_Zone', 'NSU_std_Zone', 'NSU_median_Zone', 'Sales at Cost_mean_Zone', 'Sales at Cost_std_Zone', 'Sales at Cost_median_Zone']",retained,Combine,4,146.2745013128649,146.4449104677594,156.0741722148772,78.05799056315296,78.19679127027156,81.55228451467767,51.21071728819382,51.23168092034147,51.58524039733924
Lasso,no,Lasso,"{'alpha': 0.01869899411757269, 'copy_X': True, 'fit_intercept': True, 'max_iter': 10000, 'normalize': 'deprecated', 'positive': False, 'precompute': False, 'random_state': 120, 'selection': 'cyclic', 'tol': 0.0001, 'warm_start': False}",11,"['NSU', 'Sales at Cost', 'Gross Sales', 'MRP', 'Fdate_year', 'NSU_mean_Zone', 'NSU_std_Zone', 'NSU_median_Zone', 'Sales at Cost_mean_Zone', 'Sales at Cost_std_Zone', 'Sales at Cost_median_Zone']",retained,Combine,5,149.05783017466888,149.26279122130066,145.71642339710124,80.2326056784298,80.41359723339271,78.05207632717608,52.146321384603844,52.212990460012726,51.97791495978899
Lasso,no,ElasticNet,"{'alpha': 1.093740255749862e-06, 'copy_X': True, 'fit_intercept': True, 'l1_ratio': 1.6181410012283067e-05, 'max_iter': 10000, 'normalize': 'deprecated', 'positive': False, 'precompute': False, 'random_state': 120, 'selection': 'cyclic', 'tol': 0.0001, 'warm_start': False}",29,"['NSU', 'Sales at Cost', 'Gross Sales', 'MRP', 'Fdate_year', 'NSU_mean_Zone', 'NSU_std_Zone', 'NSU_median_Zone', 'Sales at Cost_mean_Zone', 'Sales at Cost_std_Zone', 'Sales at Cost_median_Zone', 'Gross Sales_mean_Zone', 'Gross Sales_std_Zone', 'Gross Sales_median_Zone', 'MRP_mean_Zone', 'MRP_std_Zone', 'MRP_median_Zone', 'NSU_mean_Brand', 'NSU_std_Brand', 'NSU_median_Brand', 'Sales at Cost_mean_Brand', 'Sales at Cost_std_Brand', 'Sales at Cost_median_Brand', 'Gross Sales_mean_Brand', 'Gross Sales_std_Brand', 'Gross Sales_median_Brand', 'MRP_mean_Brand', 'MRP_std_Brand', 'MRP_median_Brand']",retained,Standard,1,150.16819050276558,150.32529928837167,132.9076427411601,80.68147284980239,80.85774579618527,76.46668250956945,52.38644745469261,52.505476485304825,52.41065172897024
FeatureImportance_ET,no,ElasticNet,"{'alpha': 3.6494003630976874e-05, 'copy_X': True, 'fit_intercept': True, 'l1_ratio': 1.5057803328316116e-05, 'max_iter': 10000, 'normalize': 'deprecated', 'positive': False, 'precompute': False, 'random_state': 120, 'selection': 'cyclic', 'tol': 0.0001, 'warm_start': False}",25,"['NSU', 'Sales at Cost', 'Gross Sales', 'MRP', 'Fdate_year', 'MRP_std_Zone', 'NSU_std_Brand', 'NSU_median_Brand', 'Sales at Cost_mean_Brand', 'Sales at Cost_std_Brand', 'Sales at Cost_median_Brand', 'Gross Sales_mean_Brand', 'Gross Sales_std_Brand', 'Gross Sales_median_Brand', 'MRP_mean_Brand', 'MRP_std_Brand', 'MRP_median_Brand', 'ZONE_NORTH', 'ZONE_SOUTH', 'Brand_KARMIQ', 'Brand_GOLDEN HARVEST PRIME', 'Fdate_month_sin', 'Fdate_month_cos', 'Fdate_quarter_sin', 'Fdate_quarter_cos']",retained,Combine,2,146.18869146983434,146.30983996016334,150.91892375370284,78.80001187741013,78.95944979681849,80.04716486760807,51.57555431682055,51.743856427515254,52.007233360331206
MutualInformation,no,ElasticNet,"{'alpha': 3.1394459864107675e-05, 'copy_X': True, 'fit_intercept': True, 'l1_ratio': 0.0006852089859084558, 'max_iter': 10000, 'normalize': 'deprecated', 'positive': False, 'precompute': False, 'random_state': 120, 'selection': 'cyclic', 'tol': 0.0001, 'warm_start': False}",30,"['MRP', 'Gross Sales_median_Brand', 'Sales at Cost_std_Brand', 'Sales at Cost', 'MRP_mean_Brand', 'Gross Sales_mean_Brand', 'Sales at Cost_mean_Brand', 'Sales at Cost_median_Brand', 'MRP_median_Brand', 'NSU_std_Brand', 'NSU_median_Brand', 'MRP_std_Brand', 'NSU_mean_Brand', 'Gross Sales_std_Brand', 'Gross Sales', 'NSU', 'Brand_COP LOOSE', 'Brand_KARMIQ', ""Brand_SANGI'S KITCHEN"", 'Brand_GOLDEN HARVEST', 'Brand_DESI ATTA', 'Brand_Rare', 'Brand_GOLDEN HARVEST PRIME', 'Sales at Cost_mean_Zone', 'MRP_median_Zone', 'MRP_std_Zone', 'Sales at Cost_median_Zone', 'MRP_mean_Zone', 'NSU_median_Zone', 'NSU_mean_Zone']",retained,Combine,3,146.30722811717635,146.34549483941197,152.3229278001052,78.62872543393247,78.73033054193671,80.21481985931447,51.52463228198212,51.45040276817298,51.22321206509678
Lasso,no,ElasticNet,"{'alpha': 4.9586326059839985e-05, 'copy_X': True, 'fit_intercept': True, 'l1_ratio': 2.1653815802625866e-05, 'max_iter': 10000, 'normalize': 'deprecated', 'positive': False, 'precompute': False, 'random_state': 120, 'selection': 'cyclic', 'tol': 0.0001, 'warm_start': False}",23,"['NSU', 'Sales at Cost', 'Gross Sales', 'MRP', 'Fdate_year', 'NSU_mean_Zone', 'NSU_std_Zone', 'NSU_median_Zone', 'Sales at Cost_mean_Zone', 'Sales at Cost_std_Zone', 'Sales at Cost_median_Zone', 'Gross Sales_mean_Zone', 'Gross Sales_std_Zone', 'Gross Sales_median_Zone', 'MRP_mean_Zone', 'MRP_std_Zone', 'MRP_median_Zone', 'NSU_mean_Brand', 'NSU_std_Brand', 'NSU_median_Brand', 'Sales at Cost_mean_Brand', 'Sales at Cost_std_Brand', 'Sales at Cost_median_Brand']",retained,Robust,4,145.0876151945014,145.31027539396464,155.10582764733903,77.48764090374435,77.67738590850188,81.22362472976884,50.85079193807462,51.10148990129306,51.50864407375724
FeatureImportance_ET,no,ElasticNet,"{'alpha': 2.5625249494346306e-06, 'copy_X': True, 'fit_intercept': True, 'l1_ratio': 0.0018312197116786728, 'max_iter': 10000, 'normalize': 'deprecated', 'positive': False, 'precompute': False, 'random_state': 120, 'selection': 'cyclic', 'tol': 0.0001, 'warm_start': False}",26,"['NSU', 'Sales at Cost', 'Gross Sales', 'MRP', 'Fdate_year', 'MRP_mean_Zone', 'MRP_std_Zone', 'MRP_median_Zone', 'NSU_std_Brand', 'Sales at Cost_mean_Brand', 'Sales at Cost_std_Brand', 'Sales at Cost_median_Brand', 'Gross Sales_mean_Brand', 'Gross Sales_std_Brand', 'Gross Sales_median_Brand', 'MRP_mean_Brand', 'MRP_median_Brand', 'ZONE_NORTH', 'ZONE_SOUTH', 'ZONE_EAST', 'Brand_KARMIQ', 'Brand_GOLDEN HARVEST PRIME', 'Fdate_month_sin', 'Fdate_month_cos', 'Fdate_quarter_sin', 'Fdate_quarter_cos']",retained,Robust,5,147.90735279735136,148.20304968627275,144.43827376424787,79.78172699618635,80.00172224819265,77.54157809751057,51.930412099063766,52.06477941563696,51.0099657059639
ANOVA,yes,LinearSVR,"{'C': 0.027015871709339834, 'dual': False, 'epsilon': 0.0, 'fit_intercept': True, 'intercept_scaling': 1.0, 'loss': 'squared_epsilon_insensitive', 'max_iter': 10000, 'random_state': 120, 'tol': 0.0001, 'verbose': 0}",17,"['NSU', 'MRP', 'NSU_mean_Zone', 'NSU_std_Zone', 'MRP_mean_Zone', 'MRP_std_Zone', 'NSU_std_Brand', 'Sales at Cost_mean_Brand', 'MRP_median_Brand', 'ZONE_EAST', 'ZONE_NORTH', 'Brand_Rare', 'Brand_KARMIQ', ""Brand_SANGI'S KITCHEN"", 'Brand_COP LOOSE', 'Brand_DESI ATTA', 'Brand_GOLDEN HARVEST PRIME']",retained,Standard,1,59.25137197406485,59.34417880912762,49.16387209986561,16.868287615492722,16.96599840241682,16.296721792544552,6.0270939895440625,6.019275892521183,5.975245155388251
FeatureWiz,no,LinearSVR,"{'C': 0.6459128296222968, 'dual': False, 'epsilon': 0.0, 'fit_intercept': True, 'intercept_scaling': 1.0, 'loss': 'squared_epsilon_insensitive', 'max_iter': 10000, 'random_state': 120, 'tol': 0.0001, 'verbose': 0}",12,"['MRP', ""Brand_SANGI'S KITCHEN"", 'Brand_GOLDEN HARVEST PRIME', 'ZONE_SOUTH', 'Gross Sales', 'Fdate_year', 'MRP_mean_Brand', 'Fdate_quarter_cos', 'Sales at Cost_mean_Zone', 'Brand_COP LOOSE', 'MRP_median_Zone', 'Fdate_quarter_sin']",retained,Standard,2,54.32453682377399,54.60962581793749,69.30527151413945,16.550685666923396,16.58754226824566,17.427198335975252,6.275845679829806,6.247630057922734,6.527028142162962
FeatureWiz,no,LinearSVR,"{'C': 0.029843463512503415, 'dual': False, 'epsilon': 0.0, 'fit_intercept': True, 'intercept_scaling': 1.0, 'loss': 'squared_epsilon_insensitive', 'max_iter': 10000, 'random_state': 120, 'tol': 0.0001, 'verbose': 0}",13,"['MRP', ""Brand_SANGI'S KITCHEN"", 'Brand_GOLDEN HARVEST PRIME', 'Fdate_quarter_cos', 'MRP_median_Zone', 'Gross Sales', 'MRP_mean_Brand', 'Fdate_year', 'Gross Sales_median_Zone', 'MRP_std_Zone', 'Fdate_quarter_sin', 'Gross Sales_median_Brand', 'Brand_COP LOOSE']",retained,Robust,3,59.3793293091793,59.423007276423014,48.647954958067416,17.31158356013355,17.402851430926717,17.01500240121652,6.583682244505084,6.666305474031733,6.3720138911471835
FeatureWiz,no,LinearSVR,"{'C': 0.6219134820481323, 'dual': False, 'epsilon': 0.0, 'fit_intercept': True, 'intercept_scaling': 1.0, 'loss': 'squared_epsilon_insensitive', 'max_iter': 10000, 'random_state': 120, 'tol': 0.0001, 'verbose': 0}",12,"['MRP', 'ZONE_SOUTH', 'Brand_GOLDEN HARVEST PRIME', 'MRP_mean_Brand', 'Gross Sales', 'Fdate_quarter_cos', 'Fdate_year', 'Brand_GOLDEN HARVEST', 'NSU_std_Zone', 'MRP_median_Zone', 'Gross Sales_mean_Brand', 'Fdate_quarter_sin']",retained,Standard,4,56.536221758570356,56.3819874047983,60.51551766752124,16.474542769450505,16.5361323874796,17.43997232139352,6.088314252208946,6.109293638190503,6.3045381285551905
ANOVA,yes,LinearSVR,"{'C': 0.17935888576044015, 'dual': False, 'epsilon': 0.0, 'fit_intercept': True, 'intercept_scaling': 1.0, 'loss': 'squared_epsilon_insensitive', 'max_iter': 10000, 'random_state': 120, 'tol': 0.0001, 'verbose': 0}",19,"['NSU', 'MRP', 'Fdate_year', 'NSU_mean_Zone', 'NSU_std_Zone', 'MRP_std_Zone', 'MRP_median_Zone', 'NSU_std_Brand', 'Sales at Cost_mean_Brand', 'MRP_mean_Brand', 'ZONE_NORTH', 'ZONE_EAST', 'Brand_KARMIQ', ""Brand_SANGI'S KITCHEN"", 'Brand_Rare', 'Brand_COP LOOSE', 'Brand_GOLDEN HARVEST PRIME', 'Brand_DESI ATTA', 'Fdate_month_cos']",retained,Robust,5,57.34953656747884,57.4140355746517,59.00248634647975,16.983332128661832,17.02087018726513,16.159804637879184,6.1234312741362364,6.11762228650282,6.3928077455868255
ANOVA,no,DecisionTreeRegressor,"{'ccp_alpha': 60.23922236927736, 'criterion': 'squared_error', 'max_depth': None, 'max_features': None, 'max_leaf_nodes': None, 'min_impurity_decrease': 0.0, 'min_samples_leaf': 1, 'min_samples_split': 2, 'min_weight_fraction_leaf': 0.0, 'random_state': 120, 'splitter': 'best'}",5,"['Brand', 'MRP', 'MRP_mean_Brand', 'MRP_std_Brand', 'MRP_median_Brand']",retained,no,1,44.677935221466555,57.71012877701921,50.53049114009478,18.88913919821024,19.912172556413942,18.89066732172613,10.383423350293645,10.494945440100782,9.931402721547244
MutualInformation,no,DecisionTreeRegressor,"{'ccp_alpha': 50.292954248893665, 'criterion': 'friedman_mse', 'max_depth': None, 'max_features': None, 'max_leaf_nodes': None, 'min_impurity_decrease': 0.0, 'min_samples_leaf': 1, 'min_samples_split': 2, 'min_weight_fraction_leaf': 0.0, 'random_state': 120, 'splitter': 'best'}",7,"['MRP', 'Gross Sales', 'Brand', 'Sales at Cost_std_Brand', 'NSU_std_Brand', 'MRP_std_Brand', 'Gross Sales_median_Brand']",retained,no,2,43.087879178201526,55.93946233522968,58.72344608164505,18.464277993902297,19.525565607096357,20.00595658538424,9.959354221956469,10.062432121094293,10.028712517560265
MutualInformation,no,DecisionTreeRegressor,"{'ccp_alpha': 51.73670702947759, 'criterion': 'squared_error', 'max_depth': None, 'max_features': None, 'max_leaf_nodes': None, 'min_impurity_decrease': 0.0, 'min_samples_leaf': 1, 'min_samples_split': 2, 'min_weight_fraction_leaf': 0.0, 'random_state': 120, 'splitter': 'best'}",1,['MRP'],retained,no,3,45.5491861558302,57.859999598850486,46.844074154847846,18.81000813770041,19.829176436087334,19.257909538167194,9.966265466104977,10.095504743631121,10.125201856504932
ANOVA,no,DecisionTreeRegressor,"{'ccp_alpha': 56.859709388879885, 'criterion': 'friedman_mse', 'max_depth': None, 'max_features': None, 'max_leaf_nodes': None, 'min_impurity_decrease': 0.0, 'min_samples_leaf': 1, 'min_samples_split': 2, 'min_weight_fraction_leaf': 0.0, 'random_state': 120, 'splitter': 'best'}",9,"['Brand', 'MRP', 'Sales at Cost_mean_Brand', 'Sales at Cost_median_Brand', 'Gross Sales_mean_Brand', 'Gross Sales_median_Brand', 'MRP_mean_Brand', 'MRP_std_Brand', 'MRP_median_Brand']",retained,no,4,44.23366451992077,57.90231683137491,57.61637408555528,18.806544407486452,19.88782744073858,20.507287644263624,10.334626246553366,10.42870126454556,10.398903999999998
MutualInformation,no,DecisionTreeRegressor,"{'ccp_alpha': 51.73670702947759, 'criterion': 'squared_error', 'max_depth': None, 'max_features': None, 'max_leaf_nodes': None, 'min_impurity_decrease': 0.0, 'min_samples_leaf': 1, 'min_samples_split': 2, 'min_weight_fraction_leaf': 0.0, 'random_state': 120, 'splitter': 'best'}",1,['MRP'],retained,no,5,44.95480331051477,57.861039068140165,45.317742967054535,18.781195106926642,20.017958114225024,18.2683133762813,10.035018010483805,10.073648000889877,9.82996151347091
MutualInformation,yes,RandomForestRegressor,"{'bootstrap': True, 'ccp_alpha': 58.651101112108755, 'criterion': 'squared_error', 'max_depth': 10, 'max_features': 1.0, 'max_leaf_nodes': None, 'max_samples': None, 'min_impurity_decrease': 0.0, 'min_samples_leaf': 1, 'min_samples_split': 2, 'min_weight_fraction_leaf': 0.0, 'n_estimators': 50, 'n_jobs': 1, 'oob_score': False, 'random_state': 120, 'verbose': 0, 'warm_start': False}",7,"['MRP', 'NSU_std_Brand', 'Brand', 'NSU_mean_Brand', 'MRP_median_Brand', 'NSU_median_Brand', 'NSU']",retained,no,1,40.67778150070427,54.02562482350023,49.25127738162998,16.306374133843224,17.41482583132186,16.48579179182301,9.145765496207465,9.262443458908272,8.78807952336421
MutualInformation,no,RandomForestRegressor,"{'bootstrap': True, 'ccp_alpha': 51.450212872099414, 'criterion': 'squared_error', 'max_depth': 10, 'max_features': 1.0, 'max_leaf_nodes': None, 'max_samples': None, 'min_impurity_decrease': 0.0, 'min_samples_leaf': 1, 'min_samples_split': 2, 'min_weight_fraction_leaf': 0.0, 'n_estimators': 50, 'n_jobs': 1, 'oob_score': False, 'random_state': 120, 'verbose': 0, 'warm_start': False}",18,"['MRP', 'Gross Sales', 'Brand', 'Sales at Cost_std_Brand', 'NSU_std_Brand', 'MRP_std_Brand', 'Gross Sales_median_Brand', 'Sales at Cost_mean_Brand', 'MRP_mean_Brand', 'Gross Sales_std_Brand', 'Gross Sales_mean_Brand', 'MRP_median_Brand', 'NSU_mean_Brand', 'Sales at Cost_median_Brand', 'NSU_median_Brand', 'Sales at Cost', 'NSU', 'Sales at Cost_median_Zone']",retained,no,2,39.371633357211145,51.67842816260923,54.81371676173314,15.839811094564235,16.933436582270705,17.384229157813497,8.36804521751401,8.47169695178359,8.540880423666067
MutualInformation,no,RandomForestRegressor,"{'bootstrap': True, 'ccp_alpha': 51.450212872099414, 'criterion': 'squared_error', 'max_depth': 10, 'max_features': 1.0, 'max_leaf_nodes': None, 'max_samples': None, 'min_impurity_decrease': 0.0, 'min_samples_leaf': 1, 'min_samples_split': 2, 'min_weight_fraction_leaf': 0.0, 'n_estimators': 50, 'n_jobs': 1, 'oob_score': False, 'random_state': 120, 'verbose': 0, 'warm_start': False}",18,"['MRP', 'Gross Sales', 'Gross Sales_median_Brand', 'Sales at Cost_mean_Brand', 'MRP_mean_Brand', 'Sales at Cost', 'Brand', 'Sales at Cost_std_Brand', 'Gross Sales_mean_Brand', 'NSU_std_Brand', 'Gross Sales_std_Brand', 'NSU_median_Brand', 'NSU_mean_Brand', 'MRP_std_Brand', 'Sales at Cost_median_Brand', 'MRP_median_Brand', 'NSU', 'NSU_median_Zone']",retained,no,3,39.7758226630668,54.61970969472827,44.77612472001478,15.90198526749802,17.01442154100909,16.61072704759301,8.483302898429397,8.599269722896317,8.399531135982123
Lasso,no,RandomForestRegressor,"{'bootstrap': True, 'ccp_alpha': 51.3281614155595, 'criterion': 'squared_error', 'max_depth': 10, 'max_features': 1.0, 'max_leaf_nodes': None, 'max_samples': None, 'min_impurity_decrease': 0.0, 'min_samples_leaf': 1, 'min_samples_split': 2, 'min_weight_fraction_leaf': 0.0, 'n_estimators': 50, 'n_jobs': 1, 'oob_score': False, 'random_state': 120, 'verbose': 0, 'warm_start': False}",29,"['ZONE', 'Brand', 'NSU', 'Sales at Cost', 'Gross Sales', 'MRP', 'Fdate_year', 'Fdate_month', 'Fdate_quarter', 'NSU_mean_Zone', 'NSU_std_Zone', 'NSU_median_Zone', 'Sales at Cost_mean_Zone', 'Sales at Cost_std_Zone', 'Sales at Cost_median_Zone', 'Gross Sales_mean_Zone', 'Gross Sales_std_Zone', 'Gross Sales_median_Zone', 'MRP_mean_Zone', 'MRP_std_Zone', 'MRP_median_Zone', 'NSU_mean_Brand', 'NSU_std_Brand', 'NSU_median_Brand', 'Sales at Cost_mean_Brand', 'Sales at Cost_std_Brand', 'Sales at Cost_median_Brand', 'Gross Sales_mean_Brand', 'Gross Sales_std_Brand']",retained,no,4,38.80569578120598,53.83500677599569,49.71379817360743,16.029058625651917,17.265494093088336,17.518755376396864,9.087187530765101,9.184948969559711,9.241376220564753
ANOVA,yes,RandomForestRegressor,"{'bootstrap': True, 'ccp_alpha': 58.68074409860039, 'criterion': 'squared_error', 'max_depth': 10, 'max_features': 1.0, 'max_leaf_nodes': None, 'max_samples': None, 'min_impurity_decrease': 0.0, 'min_samples_leaf': 1, 'min_samples_split': 2, 'min_weight_fraction_leaf': 0.0, 'n_estimators': 50, 'n_jobs': 1, 'oob_score': False, 'random_state': 120, 'verbose': 0, 'warm_start': False}",4,"['ZONE', 'Brand', 'MRP', 'MRP_mean_Brand']",retained,no,5,41.6925866923856,52.4761339943957,44.8606132271691,16.371895797643525,17.350605160275965,15.854967572356626,8.579564324760787,8.638931523100892,8.187441312750336
Lasso,yes,ExtraTreesRegressor,"{'bootstrap': False, 'ccp_alpha': 58.58168109266508, 'criterion': 'squared_error', 'max_depth': 10, 'max_features': 1.0, 'max_leaf_nodes': None, 'max_samples': None, 'min_impurity_decrease': 0.0, 'min_samples_leaf': 1, 'min_samples_split': 2, 'min_weight_fraction_leaf': 0.0, 'n_estimators': 50, 'n_jobs': 1, 'oob_score': False, 'random_state': 120, 'verbose': 0, 'warm_start': False}",7,"['ZONE', 'Brand', 'NSU', 'MRP', 'Fdate_year', 'Fdate_month', 'Fdate_quarter']",retained,no,1,41.48458873690867,51.329099270974666,45.36036518610834,16.36907020176514,17.043936392768774,16.532698098530915,9.443548158159784,9.424393588640552,9.292118109425104
MutualInformation,no,ExtraTreesRegressor,"{'bootstrap': False, 'ccp_alpha': 51.450212872099414, 'criterion': 'squared_error', 'max_depth': 10, 'max_features': 1.0, 'max_leaf_nodes': None, 'max_samples': None, 'min_impurity_decrease': 0.0, 'min_samples_leaf': 1, 'min_samples_split': 2, 'min_weight_fraction_leaf': 0.0, 'n_estimators': 50, 'n_jobs': 1, 'oob_score': False, 'random_state': 120, 'verbose': 0, 'warm_start': False}",18,"['MRP', 'Gross Sales', 'Brand', 'Sales at Cost_std_Brand', 'NSU_std_Brand', 'MRP_std_Brand', 'Gross Sales_median_Brand', 'Sales at Cost_mean_Brand', 'MRP_mean_Brand', 'Gross Sales_std_Brand', 'Gross Sales_mean_Brand', 'MRP_median_Brand', 'NSU_mean_Brand', 'Sales at Cost_median_Brand', 'NSU_median_Brand', 'Sales at Cost', 'NSU', 'Sales at Cost_median_Zone']",retained,no,2,40.41852453892593,49.051408257725605,54.877644420950446,16.345445995734465,16.88462358990034,17.33045755250688,9.421405116428096,9.481250214272254,9.4235576714715
FeatureWiz,no,ExtraTreesRegressor,"{'bootstrap': False, 'ccp_alpha': 59.3617656292807, 'criterion': 'squared_error', 'max_depth': 10, 'max_features': 1.0, 'max_leaf_nodes': None, 'max_samples': None, 'min_impurity_decrease': 0.0, 'min_samples_leaf': 1, 'min_samples_split': 2, 'min_weight_fraction_leaf': 0.0, 'n_estimators': 50, 'n_jobs': 1, 'oob_score': False, 'random_state': 120, 'verbose': 0, 'warm_start': False}",11,"['MRP', 'Gross Sales_mean_Brand', 'MRP_median_Zone', 'Fdate_quarter', 'Gross Sales', 'MRP_std_Zone', 'Fdate_year', 'Sales at Cost_median_Zone', 'Sales at Cost_median_Brand', 'MRP_median_Brand', 'NSU_median_Brand']",retained,no,3,41.94878470356051,50.42006035017701,42.448923910588626,16.610618663480636,17.21052295121869,16.780196756005104,9.716896404777886,9.719172414866796,9.53447662261696
MutualInformation,yes,ExtraTreesRegressor,"{'bootstrap': False, 'ccp_alpha': 63.998148577394105, 'criterion': 'squared_error', 'max_depth': 10, 'max_features': 1.0, 'max_leaf_nodes': None, 'max_samples': None, 'min_impurity_decrease': 0.0, 'min_samples_leaf': 1, 'min_samples_split': 2, 'min_weight_fraction_leaf': 0.0, 'n_estimators': 50, 'n_jobs': 1, 'oob_score': False, 'random_state': 120, 'verbose': 0, 'warm_start': False}",7,"['MRP', 'Brand', 'NSU_median_Brand', 'MRP_median_Brand', 'MRP_mean_Brand', 'NSU_mean_Brand', 'NSU']",retained,no,4,42.38121704944807,50.436798581368095,50.70364338369965,16.388094526250523,16.94236852210051,17.918138103858617,9.205656611826404,9.230176764489398,10.394374041913572
Lasso,yes,ExtraTreesRegressor,"{'bootstrap': False, 'ccp_alpha': 50.21344459543844, 'criterion': 'squared_error', 'max_depth': 10, 'max_features': 1.0, 'max_leaf_nodes': None, 'max_samples': None, 'min_impurity_decrease': 0.0, 'min_samples_leaf': 1, 'min_samples_split': 2, 'min_weight_fraction_leaf': 0.0, 'n_estimators': 50, 'n_jobs': 1, 'oob_score': False, 'random_state': 120, 'verbose': 0, 'warm_start': False}",16,"['ZONE', 'Brand', 'NSU', 'MRP', 'Fdate_year', 'Fdate_month', 'Fdate_quarter', 'NSU_mean_Zone', 'NSU_std_Zone', 'MRP_std_Zone', 'MRP_median_Zone', 'NSU_mean_Brand', 'NSU_std_Brand', 'NSU_median_Brand', 'MRP_mean_Brand', 'Brand_MC_nunique']",retained,no,5,41.73317285123098,49.49966717439019,42.43883122148508,16.722499821401314,17.318206946091625,15.772510797310284,9.545486571201335,9.52165790679949,9.128477512924036
FeatureWiz,no,AdaBoostRegressor,"{'base_estimator': None, 'learning_rate': 0.03335740581480783, 'loss': 'exponential', 'n_estimators': 50, 'random_state': 120}",10,"['MRP', 'MRP_median_Zone', 'Fdate_year', 'MRP_mean_Brand', 'Gross Sales', 'Fdate_month', 'NSU_std_Brand', 'Fdate_quarter', 'NSU_median_Zone', 'NSU_std_Zone']",retained,no,1,55.15147062581726,61.0239978372252,51.978032853304214,26.484630303134196,27.01783663380216,25.793814032120444,17.630798003463905,17.705267516729045,17.076540084441376
MutualInformation,yes,AdaBoostRegressor,"{'base_estimator': None, 'learning_rate': 0.019823565387931476, 'loss': 'exponential', 'n_estimators': 50, 'random_state': 120}",16,"['MRP', 'MRP_median_Brand', 'Brand', 'MRP_mean_Brand', 'NSU_mean_Brand', 'Sales at Cost_median_Brand', 'NSU_median_Brand', 'NSU', 'NSU_std_Zone', 'ZONE', 'MRP_median_Zone', 'NSU_mean_Zone', 'Fdate_quarter', 'Fdate_year', 'Brand_MC_nunique', 'Fdate_month']",retained,no,2,55.08762783513711,59.34592846626898,69.08381251650263,27.19615171498978,27.774602609061898,28.811377681152432,17.84377101620625,17.88630019073413,18.76445965217806
MutualInformation,yes,AdaBoostRegressor,"{'base_estimator': None, 'learning_rate': 0.010339193465571394, 'loss': 'exponential', 'n_estimators': 50, 'random_state': 120}",15,"['MRP', 'NSU_mean_Brand', 'Brand', 'NSU_std_Brand', 'NSU_median_Brand', 'MRP_median_Brand', 'NSU', 'MRP_median_Zone', 'NSU_mean_Zone', 'NSU_std_Zone', 'ZONE', 'Fdate_year', 'Fdate_quarter', 'Fdate_month', 'Brand_MC_nunique']",retained,no,3,59.50634950082384,62.81431349888825,56.582621914899185,27.027847626630347,27.42975826679854,26.801429596498163,16.62402841746799,16.53441287311351,16.203659653606866
Lasso,no,AdaBoostRegressor,"{'base_estimator': None, 'learning_rate': 0.010974146630091046, 'loss': 'exponential', 'n_estimators': 50, 'random_state': 120}",19,"['ZONE', 'Brand', 'NSU', 'Sales at Cost', 'Gross Sales', 'MRP', 'Fdate_year', 'Fdate_month', 'Fdate_quarter', 'NSU_mean_Zone', 'NSU_std_Zone', 'NSU_median_Zone', 'Sales at Cost_mean_Zone', 'Sales at Cost_std_Zone', 'Sales at Cost_median_Zone', 'Gross Sales_mean_Zone', 'Gross Sales_std_Zone', 'Gross Sales_median_Zone', 'MRP_mean_Zone']",retained,no,4,57.380273769230996,61.50021690520506,60.066539979122986,26.70391702328995,27.34164253208169,26.90445427900518,16.964012546901944,16.870007897801784,16.056902774084133
FeatureWiz,no,AdaBoostRegressor,"{'base_estimator': None, 'learning_rate': 0.03041912611875449, 'loss': 'linear', 'n_estimators': 50, 'random_state': 120}",10,"['MRP', 'MRP_mean_Brand', 'Fdate_quarter', 'MRP_median_Zone', 'Gross Sales', 'MRP_std_Zone', 'Fdate_year', 'Fdate_month', 'NSU_mean_Brand', 'Sales at Cost_std_Brand']",retained,no,5,55.85624730130351,62.082214025323594,56.98778638801805,26.99242755902327,27.603522099859234,26.99121082808386,16.953457753536302,17.011938635219394,17.473186910922074
FeatureImportance_ET,no,HistGradientBoostingRegressor,"{'categorical_features': None, 'early_stopping': 'auto', 'l2_regularization': 0.5302927477772698, 'learning_rate': 0.29263040991218, 'loss': 'squared_error', 'max_bins': 255, 'max_depth': 9, 'max_iter': 100, 'max_leaf_nodes': 11, 'min_samples_leaf': 20, 'monotonic_cst': None, 'n_iter_no_change': 10, 'quantile': None, 'random_state': 120, 'scoring': 'loss', 'tol': 1e-07, 'validation_fraction': 0.1, 'verbose': 0, 'warm_start': False}",21,"['Brand', 'NSU', 'Sales at Cost', 'Gross Sales', 'MRP', 'Fdate_year', 'Fdate_month', 'Fdate_quarter', 'NSU_median_Zone', 'MRP_median_Zone', 'NSU_mean_Brand', 'NSU_std_Brand', 'Sales at Cost_mean_Brand', 'Sales at Cost_std_Brand', 'Sales at Cost_median_Brand', 'Gross Sales_mean_Brand', 'Gross Sales_std_Brand', 'Gross Sales_median_Brand', 'MRP_mean_Brand', 'MRP_std_Brand', 'MRP_median_Brand']",retained,no,1,39.95358090791626,52.94748125462369,46.798626015653475,13.710261608001097,15.084870153534126,14.0190442515268,5.57981555682177,5.676080658440152,5.55309698917997
Lasso,no,HistGradientBoostingRegressor,"{'categorical_features': None, 'early_stopping': 'auto', 'l2_regularization': 0.5284302172089956, 'learning_rate': 0.055845807094835685, 'loss': 'squared_error', 'max_bins': 255, 'max_depth': 8, 'max_iter': 100, 'max_leaf_nodes': 37, 'min_samples_leaf': 22, 'monotonic_cst': None, 'n_iter_no_change': 10, 'quantile': None, 'random_state': 120, 'scoring': 'loss', 'tol': 1e-07, 'validation_fraction': 0.1, 'verbose': 0, 'warm_start': False}",8,"['ZONE', 'Brand', 'NSU', 'Sales at Cost', 'Gross Sales', 'MRP', 'Fdate_year', 'Fdate_month']",retained,no,2,38.7336912303395,49.340020690825924,61.51481334432501,12.378025418545269,13.8646733060032,14.55679187981193,4.504628156272656,4.61831123188884,4.7250937878903
FeatureImportance_ET,no,HistGradientBoostingRegressor,"{'categorical_features': None, 'early_stopping': 'auto', 'l2_regularization': 0.7867059894534806, 'learning_rate': 0.1495806225019538, 'loss': 'squared_error', 'max_bins': 255, 'max_depth': 7, 'max_iter': 100, 'max_leaf_nodes': 13, 'min_samples_leaf': 22, 'monotonic_cst': None, 'n_iter_no_change': 10, 'quantile': None, 'random_state': 120, 'scoring': 'loss', 'tol': 1e-07, 'validation_fraction': 0.1, 'verbose': 0, 'warm_start': False}",16,"['Brand', 'NSU', 'Sales at Cost', 'Gross Sales', 'MRP', 'Fdate_year', 'Fdate_month', 'Fdate_quarter', 'MRP_median_Zone', 'Sales at Cost_median_Brand', 'Gross Sales_mean_Brand', 'Gross Sales_std_Brand', 'Gross Sales_median_Brand', 'MRP_mean_Brand', 'MRP_std_Brand', 'MRP_median_Brand']",retained,no,3,41.28333661226799,53.1004157984594,43.97730786578214,13.347698445872082,14.646148609429481,13.620617235820992,5.485931345874527,5.540311688400802,4.988182237003606
FeatureImportance_ET,no,HistGradientBoostingRegressor,"{'categorical_features': None, 'early_stopping': 'auto', 'l2_regularization': 0.6862303318807315, 'learning_rate': 0.3827311512954987, 'loss': 'squared_error', 'max_bins': 255, 'max_depth': 10, 'max_iter': 100, 'max_leaf_nodes': 25, 'min_samples_leaf': 21, 'monotonic_cst': None, 'n_iter_no_change': 10, 'quantile': None, 'random_state': 120, 'scoring': 'loss', 'tol': 1e-07, 'validation_fraction': 0.1, 'verbose': 0, 'warm_start': False}",23,"['ZONE', 'Brand', 'NSU', 'Sales at Cost', 'Gross Sales', 'MRP', 'Fdate_year', 'Fdate_month', 'Fdate_quarter', 'NSU_std_Zone', 'MRP_std_Zone', 'MRP_median_Zone', 'NSU_mean_Brand', 'NSU_std_Brand', 'Sales at Cost_mean_Brand', 'Sales at Cost_std_Brand', 'Sales at Cost_median_Brand', 'Gross Sales_mean_Brand', 'Gross Sales_std_Brand', 'Gross Sales_median_Brand', 'MRP_mean_Brand', 'MRP_std_Brand', 'MRP_median_Brand']",retained,no,4,36.02166389644916,53.06388751709763,51.10533241879825,12.419868942884316,14.689323342038543,15.160587398533096,4.978579941308515,5.084235486359343,5.33059209598467
FeatureImportance_ET,no,HistGradientBoostingRegressor,"{'categorical_features': None, 'early_stopping': 'auto', 'l2_regularization': 0.7559902669616564, 'learning_rate': 0.3785998442954048, 'loss': 'squared_error', 'max_bins': 255, 'max_depth': 9, 'max_iter': 100, 'max_leaf_nodes': 38, 'min_samples_leaf': 26, 'monotonic_cst': None, 'n_iter_no_change': 10, 'quantile': None, 'random_state': 120, 'scoring': 'loss', 'tol': 1e-07, 'validation_fraction': 0.1, 'verbose': 0, 'warm_start': False}",23,"['Brand', 'NSU', 'Sales at Cost', 'Gross Sales', 'MRP', 'Fdate_year', 'Fdate_month', 'Fdate_quarter', 'NSU_std_Zone', 'MRP_mean_Zone', 'MRP_std_Zone', 'MRP_median_Zone', 'NSU_mean_Brand', 'NSU_std_Brand', 'Sales at Cost_mean_Brand', 'Sales at Cost_std_Brand', 'Sales at Cost_median_Brand', 'Gross Sales_mean_Brand', 'Gross Sales_std_Brand', 'Gross Sales_median_Brand', 'MRP_mean_Brand', 'MRP_std_Brand', 'MRP_median_Brand']",retained,no,5,38.408076576887495,54.6015529115588,42.442667318823425,12.645803790883788,14.72867959824716,12.814915571875282,4.648198277256411,4.737545907915332,4.423891883584792
FeatureWiz,no,XGBRegressor,"{'objective': 'reg:squarederror', 'base_score': 0.5, 'booster': 'gbtree', 'callbacks': None, 'colsample_bylevel': 1, 'colsample_bynode': 1, 'colsample_bytree': 0.6582395805676886, 'early_stopping_rounds': None, 'enable_categorical': False, 'eval_metric': 'rmse', 'gamma': 2.148985517548398, 'gpu_id': 0, 'grow_policy': 'depthwise', 'importance_type': None, 'interaction_constraints': '', 'learning_rate': 0.242797136, 'max_bin': 256, 'max_cat_to_onehot': 4, 'max_delta_step': 0, 'max_depth': 5, 'max_leaves': 0, 'min_child_weight': 2.3821917453036603, 'missing': nan, 'monotone_constraints': '()', 'n_estimators': 100, 'n_jobs': 0, 'num_parallel_tree': 1, 'predictor': 'auto', 'random_state': 120, 'reg_alpha': 0.257442653, 'reg_lambda': 49.8066444, 'sampling_method': 'uniform', 'scale_pos_weight': 1, 'subsample': 0.8981451000265354, 'tree_method': 'gpu_hist', 'validate_parameters': 1, 'verbosity': 0, 'eta': 0.24279713398127803, 'lambda': 49.806644121549105, 'alpha': 0.25744266730253784, 'num_round': 50, 'single_precision_histogram': True}",10,"['MRP', 'MRP_median_Zone', 'Fdate_year', 'MRP_mean_Brand', 'Gross Sales', 'Fdate_month', 'NSU_std_Brand', 'Fdate_quarter', 'Gross Sales_median_Zone', 'NSU_std_Zone']",retained,no,1,31.382803738490164,53.67292029440488,48.61510127328483,13.112656831627433,16.332391698824175,14.65545835938556,6.19584856836914,6.450876980820635,6.269578739648438
ANOVA,no,XGBRegressor,"{'objective': 'reg:squarederror', 'base_score': 0.5, 'booster': 'gbtree', 'callbacks': None, 'colsample_bylevel': 1, 'colsample_bynode': 1, 'colsample_bytree': 0.891429856229743, 'early_stopping_rounds': None, 'enable_categorical': False, 'eval_metric': 'rmse', 'gamma': 2.2733379471856177, 'gpu_id': 0, 'grow_policy': 'depthwise', 'importance_type': None, 'interaction_constraints': '', 'learning_rate': 0.102473132, 'max_bin': 256, 'max_cat_to_onehot': 4, 'max_delta_step': 0, 'max_depth': 9, 'max_leaves': 0, 'min_child_weight': 3.1701523300244143, 'missing': nan, 'monotone_constraints': '()', 'n_estimators': 100, 'n_jobs': 0, 'num_parallel_tree': 1, 'predictor': 'auto', 'random_state': 120, 'reg_alpha': 0.144143775, 'reg_lambda': 109.402008, 'sampling_method': 'uniform', 'scale_pos_weight': 1, 'subsample': 0.8974619140367229, 'tree_method': 'gpu_hist', 'validate_parameters': 1, 'verbosity': 0, 'eta': 0.10247312963361087, 'lambda': 109.40201178681698, 'alpha': 0.14414377344769047, 'num_round': 50, 'single_precision_histogram': True}",15,"['ZONE', 'Brand', 'Sales at Cost', 'Gross Sales', 'MRP', 'NSU_mean_Zone', 'Sales at Cost_mean_Brand', 'Sales at Cost_std_Brand', 'Sales at Cost_median_Brand', 'Gross Sales_mean_Brand', 'Gross Sales_std_Brand', 'Gross Sales_median_Brand', 'MRP_mean_Brand', 'MRP_std_Brand', 'MRP_median_Brand']",retained,no,2,18.9370446737372,48.844016811025625,62.56073343504088,8.443565054934101,13.780582386781283,14.284664595066953,3.6989094139103185,4.1843644497599275,4.25121565019532
Lasso,no,XGBRegressor,"{'objective': 'reg:squarederror', 'base_score': 0.5, 'booster': 'gbtree', 'callbacks': None, 'colsample_bylevel': 1, 'colsample_bynode': 1, 'colsample_bytree': 0.8114628856583935, 'early_stopping_rounds': None, 'enable_categorical': False, 'eval_metric': 'rmse', 'gamma': 1.8057182393805895, 'gpu_id': 0, 'grow_policy': 'depthwise', 'importance_type': None, 'interaction_constraints': '', 'learning_rate': 0.167023137, 'max_bin': 256, 'max_cat_to_onehot': 4, 'max_delta_step': 0, 'max_depth': 3, 'max_leaves': 0, 'min_child_weight': 0.277896537288304, 'missing': nan, 'monotone_constraints': '()', 'n_estimators': 100, 'n_jobs': 0, 'num_parallel_tree': 1, 'predictor': 'auto', 'random_state': 120, 'reg_alpha': 0.2710706, 'reg_lambda': 144.394501, 'sampling_method': 'uniform', 'scale_pos_weight': 1, 'subsample': 0.6948234758729652, 'tree_method': 'gpu_hist', 'validate_parameters': 1, 'verbosity': 0, 'eta': 0.16702313721003365, 'lambda': 144.39450733803, 'alpha': 0.271070595106761, 'num_round': 50, 'single_precision_histogram': True}",24,"['ZONE', 'Brand', 'NSU', 'Sales at Cost', 'Gross Sales', 'MRP', 'Fdate_year', 'Fdate_month', 'Fdate_quarter', 'NSU_mean_Zone', 'NSU_std_Zone', 'NSU_median_Zone', 'Sales at Cost_mean_Zone', 'Sales at Cost_std_Zone', 'Sales at Cost_median_Zone', 'Gross Sales_mean_Zone', 'Gross Sales_std_Zone', 'Gross Sales_median_Zone', 'MRP_mean_Zone', 'MRP_std_Zone', 'MRP_median_Zone', 'NSU_mean_Brand', 'NSU_std_Brand', 'NSU_median_Brand']",retained,no,3,36.89761686075964,54.33062540893541,49.577889233927245,13.643918365202053,15.268667967974006,15.501803384456117,5.77632750418294,5.866761513902998,6.019224315144044
ANOVA,no,XGBRegressor,"{'objective': 'reg:squarederror', 'base_score': 0.5, 'booster': 'gbtree', 'callbacks': None, 'colsample_bylevel': 1, 'colsample_bynode': 1, 'colsample_bytree': 0.7809308968676254, 'early_stopping_rounds': None, 'enable_categorical': False, 'eval_metric': 'rmse', 'gamma': 5.472320425406971, 'gpu_id': 0, 'grow_policy': 'depthwise', 'importance_type': None, 'interaction_constraints': '', 'learning_rate': 0.108040117, 'max_bin': 256, 'max_cat_to_onehot': 4, 'max_delta_step': 0, 'max_depth': 4, 'max_leaves': 0, 'min_child_weight': 8.308431746808756, 'missing': nan, 'monotone_constraints': '()', 'n_estimators': 100, 'n_jobs': 0, 'num_parallel_tree': 1, 'predictor': 'auto', 'random_state': 120, 'reg_alpha': 0.675572455, 'reg_lambda': 926.107849, 'sampling_method': 'uniform', 'scale_pos_weight': 1, 'subsample': 0.8419743428050932, 'tree_method': 'gpu_hist', 'validate_parameters': 1, 'verbosity': 0, 'eta': 0.10804011607605733, 'lambda': 926.1078787190872, 'alpha': 0.6755724325493222, 'num_round': 50, 'single_precision_histogram': True}",24,"['ZONE', 'Brand', 'NSU', 'Sales at Cost', 'Gross Sales', 'MRP', 'NSU_mean_Zone', 'NSU_std_Zone', 'NSU_median_Zone', 'Sales at Cost_std_Zone', 'Sales at Cost_median_Zone', 'Gross Sales_std_Zone', 'Gross Sales_median_Zone', 'MRP_mean_Zone', 'MRP_std_Zone', 'Sales at Cost_mean_Brand', 'Sales at Cost_std_Brand', 'Sales at Cost_median_Brand', 'Gross Sales_mean_Brand', 'Gross Sales_std_Brand', 'Gross Sales_median_Brand', 'MRP_mean_Brand', 'MRP_std_Brand', 'MRP_median_Brand']",retained,no,4,41.41713469150238,53.14086137598854,65.05553837467268,13.87072272311407,15.257149211878065,17.379830898654966,5.602540146416014,5.628974489950345,6.793988181455076
ANOVA,no,XGBRegressor,"{'objective': 'reg:squarederror', 'base_score': 0.5, 'booster': 'gbtree', 'callbacks': None, 'colsample_bylevel': 1, 'colsample_bynode': 1, 'colsample_bytree': 0.8846405391262397, 'early_stopping_rounds': None, 'enable_categorical': False, 'eval_metric': 'rmse', 'gamma': 0.863582999641187, 'gpu_id': 0, 'grow_policy': 'depthwise', 'importance_type': None, 'interaction_constraints': '', 'learning_rate': 0.13786763, 'max_bin': 256, 'max_cat_to_onehot': 4, 'max_delta_step': 0, 'max_depth': 7, 'max_leaves': 0, 'min_child_weight': 1.9404180998030391, 'missing': nan, 'monotone_constraints': '()', 'n_estimators': 100, 'n_jobs': 0, 'num_parallel_tree': 1, 'predictor': 'auto', 'random_state': 120, 'reg_alpha': 0.247447282, 'reg_lambda': 3.87568545, 'sampling_method': 'uniform', 'scale_pos_weight': 1, 'subsample': 0.9276764664557866, 'tree_method': 'gpu_hist', 'validate_parameters': 1, 'verbosity': 0, 'eta': 0.1378676272822362, 'lambda': 3.8756854977062134, 'alpha': 0.24744727471990444, 'num_round': 50, 'single_precision_histogram': True}",17,"['ZONE', 'Brand', 'NSU', 'Sales at Cost', 'Gross Sales', 'MRP', 'NSU_std_Zone', 'MRP_mean_Zone', 'Sales at Cost_mean_Brand', 'Sales at Cost_std_Brand', 'Sales at Cost_median_Brand', 'Gross Sales_mean_Brand', 'Gross Sales_std_Brand', 'Gross Sales_median_Brand', 'MRP_mean_Brand', 'MRP_std_Brand', 'MRP_median_Brand']",retained,no,5,17.30442532343317,52.908793256689925,43.964475756149085,8.720942457463556,14.020561392760698,12.652818568599951,3.9526051127587927,4.213817212663573,4.280710239511716
ANOVA,yes,LGBMRegressor,"{'boosting_type': 'gbdt', 'class_weight': None, 'colsample_bytree': 1.0, 'importance_type': 'split', 'learning_rate': 0.05466672928795702, 'max_depth': 10, 'min_child_samples': 42, 'min_child_weight': 0.001, 'min_split_gain': 2.726055713110848, 'n_estimators': 100, 'n_jobs': -1, 'num_leaves': 1025, 'objective': None, 'random_state': 120, 'reg_alpha': 1.69496004867672, 'reg_lambda': 0.10662186351548861, 'silent': 'warn', 'subsample': 0.6501703734399913, 'subsample_for_bin': 200000, 'subsample_freq': 2, 'max_bin': 63, 'device_type': 'gpu', 'gpu_use_dp': False}",14,"['ZONE', 'Brand', 'NSU', 'MRP', 'Fdate_month', 'Fdate_quarter', 'NSU_mean_Zone', 'NSU_std_Zone', 'MRP_std_Zone', 'MRP_median_Zone', 'NSU_mean_Brand', 'NSU_std_Brand', 'NSU_median_Brand', 'MRP_median_Brand']",retained,no,1,58.187088013237,64.2177898592097,58.41235928734857,15.466203477958812,17.016597081799915,15.895490153635448,4.044920688020206,4.346043586930818,4.283086805303782
Lasso,yes,LGBMRegressor,"{'boosting_type': 'gbdt', 'class_weight': None, 'colsample_bytree': 1.0, 'importance_type': 'split', 'learning_rate': 0.11770186653482818, 'max_depth': 11, 'min_child_samples': 77, 'min_child_weight': 0.001, 'min_split_gain': 5.034235787424158, 'n_estimators': 100, 'n_jobs': -1, 'num_leaves': 923, 'objective': None, 'random_state': 120, 'reg_alpha': 0.11603180356493088, 'reg_lambda': 1.014023132974058, 'silent': 'warn', 'subsample': 0.5168277129229865, 'subsample_for_bin': 200000, 'subsample_freq': 2, 'max_bin': 63, 'device_type': 'gpu', 'gpu_use_dp': False}",15,"['ZONE', 'Brand', 'NSU', 'MRP', 'Fdate_year', 'Fdate_month', 'Fdate_quarter', 'NSU_mean_Zone', 'NSU_std_Zone', 'MRP_median_Zone', 'NSU_mean_Brand', 'NSU_median_Brand', 'Sales at Cost_median_Brand', 'MRP_mean_Brand', 'MRP_median_Brand']",retained,no,2,58.577559842683705,62.091873890000805,70.74796998175987,15.810803024715023,16.856428222741712,17.60352438536314,4.326468777449505,4.511294132659587,4.408216486915279
Lasso,no,LGBMRegressor,"{'boosting_type': 'gbdt', 'class_weight': None, 'colsample_bytree': 1.0, 'importance_type': 'split', 'learning_rate': 0.08845975135162638, 'max_depth': 6, 'min_child_samples': 22, 'min_child_weight': 0.001, 'min_split_gain': 0.20029541931388592, 'n_estimators': 100, 'n_jobs': -1, 'num_leaves': 1121, 'objective': None, 'random_state': 120, 'reg_alpha': 49.11206949499115, 'reg_lambda': 0.9086011170495458, 'silent': 'warn', 'subsample': 0.5668913908965576, 'subsample_for_bin': 200000, 'subsample_freq': 8, 'max_bin': 63, 'device_type': 'gpu', 'gpu_use_dp': False}",12,"['ZONE', 'Brand', 'NSU', 'Sales at Cost', 'Gross Sales', 'MRP', 'Fdate_year', 'Fdate_month', 'Fdate_quarter', 'NSU_mean_Zone', 'NSU_std_Zone', 'NSU_median_Zone']",retained,no,3,49.39424159533138,60.347006019266985,56.787035148921376,14.927367537207365,16.58207291695282,16.342241738429113,4.759793750791359,4.811377314388154,4.728971312184861
FeatureWiz,no,LGBMRegressor,"{'boosting_type': 'gbdt', 'class_weight': None, 'colsample_bytree': 1.0, 'importance_type': 'split', 'learning_rate': 0.1682338429678239, 'max_depth': 8, 'min_child_samples': 81, 'min_child_weight': 0.001, 'min_split_gain': 6.061264760192051, 'n_estimators': 100, 'n_jobs': -1, 'num_leaves': 2823, 'objective': None, 'random_state': 120, 'reg_alpha': 0.3448089477785741, 'reg_lambda': 2.592038721984974, 'silent': 'warn', 'subsample': 0.5575259859559736, 'subsample_for_bin': 200000, 'subsample_freq': 5, 'max_bin': 63, 'device_type': 'gpu', 'gpu_use_dp': False}",8,"['MRP', 'MRP_median_Zone', 'Gross Sales', 'Fdate_quarter', 'Sales at Cost_mean_Brand', 'MRP_median_Brand', 'MRP_mean_Zone', 'Sales at Cost_median_Brand']",retained,no,4,60.78854606389487,64.58161063161504,67.79760220246028,15.961618518298629,16.83234923191082,18.383739577550827,4.413095279527881,4.503830000403753,4.641848715164972
MutualInformation,yes,LGBMRegressor,"{'boosting_type': 'gbdt', 'class_weight': None, 'colsample_bytree': 1.0, 'importance_type': 'split', 'learning_rate': 0.09781860933143795, 'max_depth': 12, 'min_child_samples': 86, 'min_child_weight': 0.001, 'min_split_gain': 0.11152775202378422, 'n_estimators': 100, 'n_jobs': -1, 'num_leaves': 849, 'objective': None, 'random_state': 120, 'reg_alpha': 1.2289165457838203, 'reg_lambda': 6.698626520746781, 'silent': 'warn', 'subsample': 0.5359431279058575, 'subsample_for_bin': 200000, 'subsample_freq': 1, 'max_bin': 63, 'device_type': 'gpu', 'gpu_use_dp': False}",16,"['MRP', 'MRP_mean_Brand', 'NSU_std_Brand', 'NSU_mean_Brand', 'Brand', 'NSU_median_Brand', 'NSU', 'ZONE', 'MRP_std_Zone', 'NSU_std_Zone', 'NSU_mean_Zone', 'MRP_median_Zone', 'Fdate_quarter', 'Fdate_year', 'Fdate_month', 'Brand_MC_nunique']",retained,no,5,61.838921856334856,64.81202952098955,58.29049917998865,16.22959485696133,17.083042141575422,15.659842933655955,4.283248353170147,4.491653110600297,4.37427242280063
FeatureImportance_ET,no,CatBoostRegressor,"{'loss_function': 'RMSE', 'random_state': 120, 'max_depth': 8, 'l2_leaf_reg': 8, 'random_strength': 0.5036148301698937, 'learning_rate': 0.2552831893354226, 'boosting_type': 'Plain', 'nan_mode': 'Min', 'task_type': 'GPU', 'iterations': 50, 'verbose': False}",17,"['Brand', 'NSU', 'Sales at Cost', 'Gross Sales', 'MRP', 'Fdate_year', 'Fdate_month', 'Fdate_quarter', 'MRP_median_Zone', 'Sales at Cost_mean_Brand', 'Sales at Cost_median_Brand', 'Gross Sales_mean_Brand', 'Gross Sales_std_Brand', 'Gross Sales_median_Brand', 'MRP_mean_Brand', 'MRP_std_Brand', 'MRP_median_Brand']",retained,no,1,36.17977532383977,55.96717991289051,50.780212056820055,13.759988729878485,15.805781775742746,14.69578938265838,5.593149943010991,5.67760967157673,5.441281429491937
FeatureImportance_ET,no,CatBoostRegressor,"{'loss_function': 'RMSE', 'random_state': 120, 'max_depth': 8, 'l2_leaf_reg': 8, 'random_strength': 0.5036148301698937, 'learning_rate': 0.2552831893354226, 'boosting_type': 'Plain', 'nan_mode': 'Min', 'task_type': 'GPU', 'iterations': 50, 'verbose': False}",17,"['Brand', 'NSU', 'Sales at Cost', 'Gross Sales', 'MRP', 'Fdate_year', 'Fdate_month', 'Fdate_quarter', 'NSU_mean_Brand', 'Sales at Cost_mean_Brand', 'Sales at Cost_std_Brand', 'Sales at Cost_median_Brand', 'Gross Sales_mean_Brand', 'Gross Sales_median_Brand', 'MRP_mean_Brand', 'MRP_std_Brand', 'MRP_median_Brand']",retained,no,2,36.04043776128183,52.87945734336395,63.970430481162374,13.572287958607385,15.574704378340192,16.13775414851942,5.484077588207529,5.579989713962824,5.576415487974643
FeatureImportance_ET,no,CatBoostRegressor,"{'loss_function': 'RMSE', 'random_state': 120, 'max_depth': 7, 'l2_leaf_reg': 6, 'random_strength': 0.9167879109474141, 'learning_rate': 0.2763660032030489, 'boosting_type': 'Plain', 'nan_mode': 'Min', 'task_type': 'GPU', 'iterations': 50, 'verbose': False}",24,"['Brand', 'NSU', 'Sales at Cost', 'Gross Sales', 'MRP', 'Fdate_year', 'Fdate_month', 'Fdate_quarter', 'NSU_std_Zone', 'Gross Sales_mean_Zone', 'MRP_mean_Zone', 'MRP_std_Zone', 'MRP_median_Zone', 'NSU_mean_Brand', 'NSU_std_Brand', 'Sales at Cost_mean_Brand', 'Sales at Cost_std_Brand', 'Sales at Cost_median_Brand', 'Gross Sales_mean_Brand', 'Gross Sales_std_Brand', 'Gross Sales_median_Brand', 'MRP_mean_Brand', 'MRP_std_Brand', 'MRP_median_Brand']",retained,no,3,36.862379393726606,57.27951126144817,49.63775178031257,14.030558177301844,16.142009585250673,15.905985351232312,5.710307054816513,5.798018022784241,5.633377974715032
ANOVA,no,CatBoostRegressor,"{'loss_function': 'RMSE', 'random_state': 120, 'max_depth': 8, 'l2_leaf_reg': 9, 'random_strength': 0.9175437927442517, 'learning_rate': 0.22844537257716602, 'boosting_type': 'Plain', 'nan_mode': 'Min', 'task_type': 'GPU', 'iterations': 50, 'verbose': False}",19,"['ZONE', 'Brand', 'NSU', 'Sales at Cost', 'Gross Sales', 'MRP', 'NSU_mean_Zone', 'NSU_std_Zone', 'MRP_mean_Zone', 'MRP_std_Zone', 'Sales at Cost_mean_Brand', 'Sales at Cost_std_Brand', 'Sales at Cost_median_Brand', 'Gross Sales_mean_Brand', 'Gross Sales_std_Brand', 'Gross Sales_median_Brand', 'MRP_mean_Brand', 'MRP_std_Brand', 'MRP_median_Brand']",retained,no,4,40.59599408032369,57.72974653386027,54.018300940974605,14.422100036756985,16.135914643117943,16.209097333824914,5.648380284300651,5.71661610411784,5.81925462586236
FeatureImportance_ET,no,CatBoostRegressor,"{'loss_function': 'RMSE', 'random_state': 120, 'max_depth': 8, 'l2_leaf_reg': 8, 'random_strength': 1.342583025090518, 'learning_rate': 0.19916801768265754, 'boosting_type': 'Plain', 'nan_mode': 'Min', 'task_type': 'GPU', 'iterations': 50, 'verbose': False}",15,"['Brand', 'NSU', 'Sales at Cost', 'Gross Sales', 'MRP', 'Fdate_year', 'Fdate_month', 'Fdate_quarter', 'MRP_median_Zone', 'Sales at Cost_median_Brand', 'Gross Sales_mean_Brand', 'Gross Sales_median_Brand', 'MRP_mean_Brand', 'MRP_std_Brand', 'MRP_median_Brand']",retained,no,5,41.00028210681793,59.40260060683511,48.25826265422099,14.551119634277816,16.334130737841125,14.46944795684065,5.806026455204751,5.878690622349214,5.305923989600076
